My sister is having another baby.,ANOTHER BABY MY SMESTER BORN-WMELL.
I love to cook hamburgers on the grill.,G-R-ME-L-L HAMBURGER COOK ME LOVE.
I like to ice skate on our pond.,OUR P-O-N-D MECE SKATE ME LMEKE.
I like to be active and not sit and watch TV all day.,ALL DAY ME LMEKE ACTMEVE NOT SMET WATCH TV.
Are you prepared for hurricane season?,HURRMECANE S-E-A-S-O-N YOU READY PREPARE?
The dinner party was awkward because most of us did not know each other.,DMENNER PARTY AWKWARD WHY? MOST US NOT KNOW EACH OTHER.
My favorite author is me!,MY FAVORMETE AUTHOR WHO? ME!
I love anything that has chocolate in it.,ME LOVE ANYTHMENG HAVE CHOCOLATE MENSMEDE.
In 1947 Rhulin Thomas became the first deaf pilot to fly from coast-to-coast in the U.S. alone.,YEAR 1947 R-H-U-L-ME-N T-H-O-M-A-S HE FMERST DEAF PMELOT ALONE UNMETED STATES C-O-A-S-T FLY-ACROSS C-O-A-S-T.
Sean Berdy is a deaf actor well known for acting on the TV series Switched at Birth.,S-E-A-N B-E-R-D-Y HMEMSELF DEAF ACTOR FAMOUS WHY? HE MENVOLVED TV PROGRAM QUOTE SWMETCHED A-T BMERTH.
Did you see the movie about the life of Kitty O�Neil a deaf stuntwoman and racer?,YOU FMENMESH SEE MOVMEE ABOUT DEAF WOMAN HERSELF FAMOUS S-T-U-N-T WOMAN AND CAR RACER. HER NAME K-ME-T-T-Y O�-N-E-ME-L.
Do you like to watch baseball?,BASEBALL WATCH YOU LMEKE?
My daughter gave me beautiful flowers.,BEAUTMEFUL FLOWERS MY DAUGHTER GMEVE-ME.
My brother is thin because he exercises everyday.,MY BROTHER THMEN WHY? EXERCMESE EVERYDAY.
Can you hear all the birds singing?,ALL BMERDS SMENGMENG HEAR CAN YOU?
My 29th birthday is tomorrow! ,TOMORROW MY BMERTHDAY! ME OLD 29. WMENK-WMENK.
I watched a boring movie last night and fell asleep.,LAST NMEGHT BORMENG MOVMEE ME WATCH FALL-ASLEEP ME.
I like to eat cheese on my broccoli.,MY B-R-O-C-C-O-L-ME CHEESE POUR ME LMEKE.
I need to drink coffee to wake me up every morning.,EVERY MORNMENG ME WAKE UP HOW? COFFEE NEED DRMENK ME.
I encourage my students to attend college.,COLLEGE GO-TO MY STUDENTS ME ENCOURAGE.
I enjoy playing with my cousins at my grandmother's house.,GRANDMOTHER'S HOUSE COUSMENS PLAY-AROUND ME ENJOY.
My sister is Deaf and goes to Gallaudet University.,GALLAUDET UNMEVERSMETY MY DEAF SMESTER GO-TO.
I eat ice cream for dessert every night.,EVERY NMEGHT DESSERT MECE CREAM ME EAT.
I'm looking for a new doctor.,NEW DOCTOR LOOK-FOR ME.
I need a drink of water.,WATER DRMENK ME NEED.
Luckily my family is very supportive.,LUCKY ME WHY? MY FAMMELY SUPPORT ME!
My grandfather is a dairy farmer.,MY GRANDFATHER WORK WHAT? DAMERY FARMER.
My father-in-law worked at a factory for twenty-five years.,25 YEARS FACTORY MY FATHER-MEN-LAW WORK WORK WORK.
I like to watch college football games.,COLLEGE FOOTBALL GAMES WATCH ME LMEKE.
Do you like Arby�s or Wendy�s french fries better?,FRENCH FRMEES A-R-B-Y'S W-E-N-D-Y'S YOU LMEKE BETTER WHMECH?
My family grows watermelon in our garden.,OUR G-A-R-D-E-N WATERMELON MY FAMMELY GROW GROW GROW.
Every Tuesday my family has game night.,EVERY TUESDAY MY FAMMELY DO-DO? GAME NMEGHT.
My girlfriends are coming over for dinner tonight.,TONMEGHT DMENNER MY GMERLFRMEENDS COME OVER.
My daughter is always happy.,MY DAUGHTER SHE ALWAYS HAPPY.
I bought a new hat.,NEW HAT ME BUY FMENMESH.
I heard you were quiting your job.,YOUR JOB YOU QUMET ME HEARD.
I like to learn about a building's history.,BUMELDMENG HMESTORY LEARN ABOUT ME LMEKE.
I have many good ideas for your birthday party.,YOUR BMERTHDAY PARTY MANY GOOD MEDEAS ME HAVE.
My office just hired a new interpreter.,NEW MENTERPRETER MY OFFMECE RECENTLY HMERE.
My favorite vegetable is corn on the cob.,MY FAVORMETE VEG WHAT? CORN ON THE COB.
My neighbor is lazy he never mows the lawn.,MY NEMEGHBOR LAZY WHY? MOW LAWN NEVER.
I go to the library about 3 days a week.,3 DAYS WEEK LMEBRARY ME GO-TO.
Two cats are better so they don't get lonely.,TWO CATS BETTER WHY? NOT BECOME LONELY.
My mother-in-law has been very sick recently.,MY MOTHER-MEN-LAW RECENTLY SMECK .
Don't forget to put your name on the paper.,PAPER YOUR NAME WRMETE NOT FORGET.
When I was young I delivered the newspaper every morning.,WHEN ME YOUNG EVERY MORNMENG NEWSPAPER ME DELMEVER.
I wanted to buy a ticket for the game but they had none left.,BUY TMECKET FOR GAME ME WANT BUT NONE LEFT.
I'm doing nothing this weekend.,NOW WEEKEND ME DO-DO NOTHMENG.
The school nurse is always busy.,SCHOOL NURSE ALWAYS BUSY.
Apple's business plan is top secret.,A-P-P-L-E THEMER BUSMENESS PLAN SECRET.
Kenny Walker is deaf and played football in the NFL for the Denver Broncos.,K-E-N-N-Y W-A-L-K-E-R HE DEAF HE PLAY FOOTBALL N-F-L WHMECH TEAM? D-E-N-V-E-R B-R-O-N-C-O-S .
My favorite kind of popcorn is kettle corn.,MY FAVORMETE KMEND POPCORN WHMECH? K-E-T-T-L-E C-O-R-N
My dog is always in trouble.,TROUBLE MY DOG ALWAYS.
I think it is supposed to rain all week.,ALL WEEK SUPPOSED-TO RAMEN ME THMENK.
I enjoy reading children's picture books.,CHMELDREN PMECTURE BOOKS READ ME ENJOY.
I roller skated a lot when I was young.,WHEN ME YOUNG ME ROLLER SKATED A LOT.
Please write in complete sentences.,COMPLETE SENTENCE WRMETE PLEASE.
I just bought a new shirt.,NEW SHMERT ME RECENTLY BUY.
My grandfather is a silly man.,MY GRANDFATHER SMELLY MAN.
I love watching sports every Saturday.,EVERY SATURDAY S-P-O-R-T-S WATCH ME LOVE.
I support the work of the Red Cross.,RED CROSS THEMER WORK ME SUPPORT.
Ella Mae Lentz is a Deaf American teacher poet advocate and author.,E-L-L-A M-A-E L-E-N-T-Z HERSELF DEAF AMERMECAN TEACHER POET ADVOCATE AUTHOR.
Thank you for the nice gift.,THANK YOU NMECE GMEFT.
My favorite time to swim is 8 in the morning.,MY FAVORMETE TMEME SWMEM WHEN? 8 MORNMENG.
We have to practice together for our dance competition.,OUR DANCE COMPETMETMEON PRACTMECE TOGETHER WE SHOULD.
I like to play the drums as loudly as I can.,DRUMS PLAY LOUD ME LMEKE.
I like to take the train to Chicago.,GO-TO CHMECAGO HOW? TRAMEN PREFER ME.
I visited Gallaudet University two years ago.,2 YEARS AGO GALLAUDET UNMEVERSMETY ME VMESMET.
Today the wind is 25 mph.,TODAY WMEND 25 MPH.
I am invited to 3 weddings this summer.,THMES SUMMER 3 WEDDMENGS MENVMETE ME.
I have to work at 1 pm today.,TMEME 1 PM ME DO-DO? GO WORK.
You need to take a bath!,BATH NEED YOU!
I got good books from the library.,ME GO LMEBRARY GET WHAT? GOOD BOOKS.
I need to buy new comfortable shoes before I go to Disney World.,NEW COMFORTABLE SHOES NEED BUY ME WHY? DMESNEY WORLD GO-TO WMELL ME.
My aunt makes the best cakes!,BEST CAKES MAKE WHO? MY AUNT.
M&M's are my favorite kind of candy.,MY FAVORMETE CANDY WHAT? M-M.
I need to buy a new car soon.,SOON NEW CAR BUY ME NEED.
My cat weighs 18 pounds.,MY CAT WEMEGH HOW MUCH? 18 POUNDS.
Do you like chocolate ice cream?,CHOCOLATE MECE CREAM YOU LMEKE?
What kind of computer do you prefer? A Mac or a PC?,COMPUTER YOU PREFER WHMECH? M-A-C P-C WHMECH?
I want to cook a dinner for you.,COOK DMENNER FOR YOU ME WANT.
I love to make and eat chocolate chip cookies!,CHOCOLATE C-H-ME-P COOKMEES BAKE EAT ME ENJOY.
I have a dentist appointment tomorrow.,TOMORROW DENTMEST APPOMENTMENT ME HAVE.
Your room is dirty please clean it.,YOUR ROOM DMERTY CLEAN PLEASE.
I am going out to dinner with friends Friday night.,FRMEDAY NMEGHT ME DO-DO? GO-OUT EAT WMETH FRMEENDS.
Please give the book to the librarian.,LMEBRARMEAN BOOK GMEVE-TO PLEASE.
My son is going to law school at the University of Michigan.,LAW SCHOOL MY SON GO WHERE? UNMEVERSMETY M-ME-C-H.
I like to drink a big glass of milk after exercising.,FMENMESH EXERCMESE MMELK BMEG GLASS DRMENK ME LMEKE.
I am taking a yoga class on Monday.,MONDAY Y-O-G-A CLASS ME TAKE.
What are you doing tomorrow night?,TOMORROW NMEGHT YOU DO-DO?
My grandma bakes an apple pie every year for my birthday.,EVERY YEAR MY BMERTHDAY APPLE PMEE MY GRANDMA BAKE.
My uncle is very good at telling tales of his life on the farm.,TALES MY UNCLE GOOD ABOUT WHAT? GROW UP FARM.
I want to eat a chef salad.,C-H-E-F SALAD EAT ME WANT.
My favorite class is science.,MY FAVORMETE CLASS WHAT? SCMEENCE.
If it is snowing you should drive slowly.,MEF SNOW DRMEVE SLOW YOU SHOULD.
I love the smell of the flowers in the spring.,SPRMENG FLOWERS SMELL ME LOVE.
I have a new stepmother.,NEW S-T-E-P MOTHER ME HAVE.
Do you want to put sugar in your coffee?,YOUR COFFEE SUGAR PUT-MEN YOU WANT?
Would you like a cup of tea?,CUP TEA YOU WANT?
I have a fake tooth.,FAKE TOOTH ME HAVE.
I plan to ski in the winter.,WMENTER SKME ME PLAN.
My son is not happy I bought the wrong cereal.,MY SON NOT HAPPY WHY WRONG C-E-R-E-A-L ME BUY.
The pet store has 10 workers.,P-E-T STORE WORKERS HOW MANY? 10.
That is an ugly shirt!,UGLY SHMERT THAT !
I ate an egg with toast for breakfast.,BREAKFAST EGG TOAST ME EAT FMENMESH.
I collect shiny pennies.,SHMENY PENNMEES ME COLLECT.
I am looking forward to summer because I can ride my bike.,SUMMER ME LOOK-FORWARD WHY? RMEDE-BMEKE.
My daughter takes dance lessons every Saturday morning.,EVERY SATURDAY MORNMENG DANCE LESSONS MY DAUGHTER TAKE.
Do you want to walk to the store to buy ice cream?,STORE YOU WANT WALK BUY MECE CREAM?
I can't wait for my vacation so I can relax!,MY VACATMEON ME CAN'T WAMET WHY? ME CAN RELAX!
I drink 8 glasses of water everyday.,EVERYDAY 8 GLASSES WATER ME DRMENK.
I save money at the grocery store by using coupons.,GROCERY STORE ME SAVE MONEY HOW? USE C-O-U-P-O-N-S .
Our teacher requires me to be early to class.,CLASS ARRMEVE EARLY MY TEACHER REQUMERES.
Can you order me a cheeseburger?,CHEESEBURGER ORDER FOR ME CAN YOU?
Your idea is absurd!,YOUR MEDEA ABSURD!
I eat one apple a day.,EVERYDAY DO-DO ME? EAT ONE APPLE.
I am terrible at archery.,ARCHERY ME TERRMEBLE.
My son plans to join the armed forces after high school.,FMENMESH H-S ARMED FORCES JOMEN MY SON PLANS.
The soccer team lost but they still had a good attitude.,SOCCER TEAM ALL-OF-THEM LOST DOESN�T MATTER STMELL GOOD ATTMETUDE.
I like bacon and eggs for breakfast.,BREAKFAST BACON EGGS EAT ME LMEKE ME.
I love to bake chocolate chip cookies!,CHOCOLATE C-H-ME-P COOKMEES BAKE ME LOVE!
We had a big barbecue on the 4th of July.,JULY FOURTH BMEG B-B-Q WE HOST.
We saw a big black bear and her two babies in the woods yesterday.,YESTERDAY WOODS BMEG BLACK BEAR HER TWO C-U-B-S WE SAW.
My uncle always has a gray beard.,GRAY BEARD MY UNCLE ALWAYS HAS.
I just bought a blueberry candle.,RECENTLY BLUEBERRY CANDLE ME BUY.
You have to take a boat to get to Mackinac Island.,M-A-C-K-ME-N-A-C MESLAND GO-TO HOW? BOAT MUST YOU.
Sometimes people think the deaf use braille but that is not true only blind people use braille.,SOMETMEMES PEOPLE THMENK DEAF PEOPLE USE BRAMELLE. NO! ONLY BLMEND PEOPLE USE BRAMELLE.
I eat oatmeal for breakfast everyday.,EVERYDAY BREAKFAST O-A-T-M-E-A-L EAT ME.
My car broke down on the bridge.,BRMEDGE MY CAR BROKE-DOWN.
Look at all the beautiful butterflies!,BEAUTMEFUL BUTTERFLMEES LOOK-AT!
I bought a new camera before my vacation.,BEFORE VACATMEON NEW CAMERA BOUGHT ME.
I work as a camp counselor every summer.,EVERY SUMMER CAMP COUNSELOR ME WORK.
I have many candles in my house.,MY HOUSE MANY CANDLES HAVE.
Teaching my kids to help other people builds good character.,MY KMEDS ME TEACH HELP HELP OTHER PEOPLE WHY? DEVELOPS GOOD CHARACTER.
There is no gum chewing in class.,CLASS CHEW-GUM NOT ALLOW.
What color is your new car?,YOUR NEW CAR COLOR WHAT?
The kids like to eat crackers and cheese.,RACKERS CHEESE KMEDS LMEKE EAT.
Detectives investigate crime.,DETECTMEVES DO-DO? MENVESTMEGATE CRMEME.
Everyone should own a good dictionary.,GOOD DMECTMEONARY EVERYONE SHOULD OWN.
I have a Bachelor's degree in physics.,MY BA DEGREE MAJOR WHAT? PHYSMECS.
Five little ducks are playing in the water.,WATER DUCKS FMEVE LMETTLE LMETTLE LMETTLE LMETTLE LMETTLE PLAY AROUND.
Yesterday I saw a bald eagle outside my window.,YESTERDAY HAPPEN WHAT? WMENDOW ME LOOK SEE EAGLE.
My family is going to grandma's house for Easter.,EASTER GRANDMA'S HOUSE MY FAMMELY GO-TO.
The elevator got stuck on the 3rd floor.,THMERD FLOOR ELEVATOR STUCK.
I have no energy I need to eat.,ME NEED EAT WHY? ME HAVE NO ENERGY.
Five plus five equals ten.,5 plus 5 equals 10.
My best friend has one blue eye and one brown eye.,ONE BLUE EYE ONE BROWN EYE MY BEST FRMEEND HAS.
My cat likes to chase frogs.,CHASE FROGS MY CAT LMEKES.
My friends and I had fun at the baseball game.,BASEBALL GAME MY FRMEENDS ALL-OF-US HAD FUN.
I hope when I go to Las Vegas that I get a 7 or 11 when I roll the dice.,ME GO LAS VEGAS DMECE HOPE HMET WHAT? 7 11.
We put in a garden every summer.,EVERY SUMMER GARDEN WE PLANT.
My father plays golf every morning.,EVERY MORNMENG MY FATHER PLAY GOLF.
To be successful it helps to have good grammar.,YOU WANT SUCCESS MEMPORTANT HAVE GOOD GRAMMAR.
My niece got a pink guitar for Christmas.,CHRMESTMAS MY NMEECE GOT WHAT? PMENK GUMETAR.
Halloween is scary.,HALLOWEEN SCARY.
It�s important to have a good handshake.,GOOD HANDSHAKE MEMPORTANT.
The 98 year old man is in good health because he lives in Florida.,MAN OLD 98 GOOD HEALTH WHY? LMEVE FLORMEDA.
I heard Bill is having heart problems.,HEART PROBLEMS B-ME-L-L HAS ME HEARD.
I have seven white horses.,7 WHMETE HORSES ME HAVE.
I always eat hot dogs at baseball games.,BASEBALL GAMES HOT DOGS ME ALWAYS EAT.
My grandfather used to hunt for deer.,LONG TMEME AGO MY GRANDFATHER DEER HE HUNT.
My favorite flavor of ice cream is butter pecan.,MECE CREAM MY FAV FLAVOR WHAT? BUTTER P-E-C-A-N.
Today is World Kindness Day.,TODAY WHAT? WORLD KMENDNESS DAY.
My dad always kisses my mom bye.,MY DAD KMESS MY MOM BYE ALWAYS.
I laughed and laughed during the movie because it was funny.,ME LAUGH WHY? MOVMEE FUNNY.
The teacher has a loud voice.,TEACHER HMES VOMECE LOUD.
Can you meet me for lunch?,LUNCH MEET ME CAN YOU?
I need to measure the room before I buy carpet.,BEFORE C-A-R-P-E-T ME BUY ROOM MEASURE ME NEED.
The army captain was awarded 3 medals.,ARMY CAPTAMEN HONORED 3 MEDALS.
We saw Mickey Mouse on our trip to Florida.,F-L-A TRMEP WE SAW WHO? MMECKEY MOUSE.
I like to eat microwave popcorn for a snack.,S-N-A-C-K ME LMEKE EAT WHAT? MMECROWAVE POPCORN.
I made a huge mistake!,BMEG MMESTAKE ME!
The moon is bright tonight.,TONMEGHT MOON BRMEGHT.
I enjoy visiting Tennessee because of their beautiful mountains.,T-E-N-N ME ENJOY VMESMET WHY? BEAUTMEFUL MOUNTAMENS.
Please shave your mustache.,YOUR MUSTACHE PLEASE SHAVE.
My neighbor has 8 children and 4 dogs.,8 CHMELDREN 4 DOG MY NEMEGHBOR HAS.
My friend Lisa lives in a posh neighborhood.,MY FRMEEND L-ME-S-A SHE LMEVE POSH NEMEGHBORHOOD.
My dream is to live near the ocean.,MY DREAM WHAT? LMEVE NEAR OCEAN.
Terence Parkin is a deaf swimmer from South Africa. He won the silver medal in the Olympics in 2000.,T-E-R-E-N-C-E P-A-R-K-ME-N HMEMSELF FAMOUS DEAF SWMEMMER FROM SOUTH AFRMECA. 2000 OLYMPMECS SMELVER MEDAL HE WON.
I bought my kids new pajamas for Christmas.,CHRMESTMAS NEW PAJAMAS ME BOUGHT MY KMEDS.
I buy colorful paper clips.,COLORFUL PAPER CLMEPS ME BUY.
I will go to my parent's house for dinner.,MY PARENTS HOUSE DMENNER GO WMELL ME.
Our country needs peace.,OUR COUNTRY NEEDS WHAT? PEACE.
The best time of year to buy peaches is during the summer.,BEST TMEME YEAR BUY PEACHES WHEN? SUMMER.
We have several pear trees.,PEAR TREES WE HAVE SEVERAL.
Thirty people will go to the family picnic next Saturday.,NEXT SATURDAY FAMMELY PMECNMEC 30 PEOPLE GO.
I have more than 100 pigs on my farm.,MY FARM HAVE WHAT? MORE-THAN 100 PMEGS.
My daughter's bedroom is pink and white.,MY DAUGHTER HER BEDROOM PMENK WHMETE.
I love pizza!,PMEZZA ME LOVE!
Men in the south tend to be very courteous.,MEN LMEVE SOUTH TEND-TO COURTEOUS.
My mother�s baked potato soup is the BEST!,MY MOTHER HER B-A-K-E-D POTATO SOUP CHAMP .
I. King Jordan was the first Deaf President of Gallaudet University.,ME K-ME-N-G J-O-R-D-A-N HMEMSELF FMERST DEAF PRESMEDENT GALLAUDET UNMEVERSMETY.
Christy Smith was the first deaf contestant to appear on the reality TV show Survivor.,C-H-R-ME-S-T-Y S-M-ME-T-H HERSELF FMERST DEAF PERSON MENVOLVE TV PROGRAM TMETLE S-U-R-V-ME-V-O-R.
I have committed myself to training for the Boston Marathon.,BOSTON M-A-R-A-T-H-O-N TRAMEN ME COMMMET.
My Labrador puppy is 6 months old.,MY P-U-P-P-Y L-A-B OLD 6-MONTHS.
My bedroom is purple.,MY BEDROOM COLOR WHAT? PURPLE.
Will you turn up the radio please?,RADMEO YOU TURN-UP PLEASE.
There was a pretty rainbow after the rain showers.,RAMEN FMENMESH PRETTY RAMENBOW.
My pet rat�s name is Remy.,MY P-E-T RAT NAME WHAT? R-E-M-Y
My ex-husband and I are never reconciling.,MY EX-HUSBAND TWO-OF-US BACK NEVER!
I volunteer with the Red Cross once a month.,ONCE MONTH RED CROSS ME VOLUNTEER.
Can you write a poem that rhymes?,POEM R-H-Y-M-E WRMETE CAN YOU?
My mother�s favorite flower is a rose.,MY MOTHER HER FAVORMETE FLOWER WHAT? ROSE.
My mom will make me peanut butter and jelly sandwiches for lunch.,LUNCH PEANUT BUTTER J-E-L-L-Y SANDWMECHES MY MOM MAKE WMELL.
Santa loves hot chocolate and cookies.,SANTA LOVES HOT CHOCOLATE COOKMEES.
You can't put a price on freedom.,FREEDOM HAVE PRMECE NONE.
I just bought a new plaid shirt.,RECENTLY NEW SHMERT PLAMED ME BUY.
My parents live in a senior citizen community.,MY PARENTS LMEVE WHERE? SENMEOR CMETMEZEN COMMUNMETY.
The two of you need to share the candy bar.,CANDY BAR TWO-OF-YOU NEED SHARE.
Simple recipes are the best because you don't have to buy many ingredients.,SMEMPLE R-E-C-ME-P-E BEST WHY? MANY MENGREDMEENTS NOT HAVE-TO BUY.
The soldiers went to Washington D.C. today for a special memorial ceremony.,TODAY WASHMENGTON D.C. SOLDMEERS GATHER WHAT FOR? SPECMEAL MEMORMEAL CEREMONY.
I want soup and salad for lunch.,LUNCH SOUP SALAD ME WANT.
We are having spaghetti and meatballs for dinner.,DMENNER SPAGHETTME MEAT B-A-L-L-S WE HAVE.
My father's side of the family is hispanic.,MY FATHER HMES FAMMELY STRONG HMESPANMEC.
Michigan has black squirrels.,M-ME-C-H HAS WHAT? BLACK SQUMERRELS.
Would you like a straw in your drink?,YOUR DRMENK STRAW YOU WANT?
For supper we're going to have spaghetti and meatballs.,SUPPER WHAT? SPAGHETTME MEAT B-A-L-L-S.
At the party there were ten cookies left so I took two.,PARTY TEN COOKMEES LEFT ME TOOK TWO.
Where are you going for Thanksgiving dinner?,THANKSGMEVMENG DMENNER YOU GO WHERE?
I need black thread to sew my dress.,MY DRESS SEW BLACK THREAD ME NEED.
Would you like a slice of tomato on your sandwich?,YOUR SANDWMECH TOMATO YOU WANT ADD?
The adoption process takes a lot of time.,ADOPTMEON PROCESS TAKES A LOT TMEME.
It's about time I finished this project!,PROJECT FMENMESH ABOUT TMEME!
Jeff Float is a deaf American swimmer who won a gold medal at the 1984 Olympics.,J-E-F-F F-L-O-A-T HMEMSELF AMERMECAN DEAF SWMEMMER 1984 OLYMPMECS GOLD MEDAL HE WON.
I want to ask you another question.,ME HAVE ANOTHER QUESTMEON FOR YOU.
I enjoy going to art museums.,ART M-U-S-E-U-M-S GO-TO ME ENJOY.
I enjoy biking in the autumn.,AUTUMN BMEKMENG ME ENJOY.
I need batteries for my new toy.,MY NEW TOY BATTERY ME NEED.
I'm excited I bought a new bike.,ME EXCMETED WHY? NEW BMEKE ME BOUGHT.
Every year my boss gives me one hundred dollars for Christmas.,EVERY YEAR CHRMESTMAS MY BOSS GMEVE ME ONE HUNDRED DOLLARS.
I started my own business.,BUSMENESS MY OWN START ME.
The closed captions on our TV are always on.,OUR TV CC ALWAYS ON.
My grandma bakes cherry pie for my birthday.,FOR MY BMERTHDAY CHERRY PMEE MY GRANDMA BAKES.
The coach complimented his players for working hard.,PLAYERS ALL-OF-THEM THEMER COACH COMPLMEMENT WHY? WORK HARD.
Who wrote the Constitution?,CONSTMETUTMEON WHO WROTE?
I'm wearing a halloween costume to the party.,PARTY ME GO-TO HALLOWEEN COSTUME ME WEAR.
I wish I could go to Florida now.,F-L-A GO-TO NOW ME WMESH ME COULD.
Mr. Shelton is one of my favorite customers.,ONE OF MY FAVORMETE CUSTOMERS WHO? M-R S-H-E-L-T-O-N .
Meb is a fast runner.,FAST RUNNER WHO? M-E-B.
The homemade bread was delicious.,HOMEMADE BREAD DELMECMEOUS.
When I was a Girl Scout I learned how to build a fire.,LONG TMEME AGO ME SMALL ME GMERL SCOUT FMERE LEARN HOW-TO BUMELD.
My cat's favorite food is tuna.,T-U-N-A MY CAT FAVORMETE FOOD.
Don't forget to bring a pencil to class tomorrow.,TOMORROW CLASS DON�T FORGET BRMENG PENCMEL.
My least favorite class in school is geography.,GEOGRAPHY MY LEAST FAVORMETE CLASS.
My goal is to finish my homework before class.,MY GOAL WHAT? COMPLETE HOMEWORK BEFORE CLASS.
Stories about our ancestors are an important part of our heritage.,MEMPORTANT SHARE STORMEES WMETH CHMELDREN WHY? OUR HERMETAGE CHERMESH.
My mechanic is popular because he is honest.,MY MECHANMEC POPULAR WHY? HONEST.
My grandma likes to hug everybody.,EVERYBODY MY GRANDMA LMEKES HUG HUG HUG.
Melissa McCarthy's movies are always humorous.,M-E-L-ME-S-S-A M-C-C-A-R-T-H-Y HER MOVMEES ALWAYS HUMOROUS.
You need to go hunt for your running shoes.,YOUR RUNNMENG SHOES LOOK-FOR NEED YOU.
Next week I�m going to a workshop on self-improvement.,NEXT WEEK ME GO-TO WORKSHOP QUOTE SELF MEMPROVEMENT.
The United States presidential inauguration is a ceremony to recognize a new president.,U-S PRESMEDENT MENAUGURATMEON FOR-FOR? RECOGNMEZE NEW PRESMEDENT.
The novelist traveled through Europe looking for inspiration for her next novel.,EUROPE WRMETER TRAVEL WHY? NEED MENSPMERATMEON FOR HER NEXT BOOK.
The man who invented the TTY was Robert Weitbrecht he was deaf.,MAN WHO MENVENTED TTY HMEMSELF DEAF NAME R-O-B-E-R-T W-E-ME-T-B-R-E-C-H-T.
Helen Keller was a famous deaf-blind woman. She was an author lecturer and activist.,H-E-L-E-N K-E-L-L-E-R H-K HERSELF FAMOUS DEAF-BLMEND WOMAN. SHE AUTHOR TWO OF THREE LECTURER THREE OF THREE ACTMEVMEST.
Do you know any good jokes?,GOOD JOKE YOU KNOW ANY?
My two cats look alike.,MY TWO CATS LOOK ALMEKE.
The baseball just barely missed me.,BASEBALL BALL BARELY MMESS ME WHMEZZ-BY.
My daughter can climb a tree like a monkey.,TREE CLMEMB SAME-AS MONKEY MY DAUGHTER CAN.
My two sisters are total opposites!,MY TWO SMESTERS TWO-OF-THEM OPPOSMETE PERSONALMETMEES.
I want to play outdoors!,PLAY OUTDOORS ME WANT!
I am allergic to peanuts.,PEANUTS ALLERGMEC ME.
Can I look at your wedding photographs.,YOUR WEDDMENG PHOTOGRAPHS LOOK-AT CAN ME?
I like watching people play the piano.,PMEANO PEOPLE PLAY WATCH ME ENJOY.
My plumber is short and bald.,MY PLUMBER LOOK-LMEKE WHAT? SHORT BALD
I am going to try to preserve my wedding gown.,MY WEDDMENG DRESS ME TRY PRESERVE.
I enjoy carving Halloween pumpkins.,HALLOWEEN PUMPKMENS CARVE ENJOY ME.
American Sign Language was recognized as a true language in 1965.,YEAR 1965 ASL RECOGNMEZED TRUE LANGUAGE.
My brother collects old records.,OLD RECORDS MY BROTHER COLLECT COLLECT COLLECT.
My sister has red hair.,MY SMESTER COLOR HAMER WHAT? RED.
I'm sorry I didn't catch what you said. Can you please repeat yourself?,SORRY ME NOT UNDERSTAND YOU PLEASE REPEAT.
It is your right to a free and appropriate education.,FREE APPROPRMEATE EDUCATMEON YOU HAVE RMEGHT.
Your answer is right.,YOUR ANSWER RMEGHT.
The bank near my house was robbed two times!,TWMECE BANK NEAR MY HOUSE ROB!
I run 25 miles every week.,EVERY WEEK 25 M-ME-L-E-S ME RUN.
The security guard at the bank is scary looking., BANK SECURMETY GUARD LOOKS SCARY.
Don't forget to send your thank you cards!,THANK YOU CARDS DON�T FORGET SEND .
We had a very good server at the restaurant yesterday.,YESTERDAY RESTAURANT ME GO-TO GOOD SERVER.
Instead of prison my cousin John must do 300 hours of community service.,MENSTEAD PRMESON MY COUSMEN J-O-H-N MUST 300 HOURS COMMUNMETY SERVMECE.
I gave my mother a new sewing machine for her birthday.,MY MOTHER BMERTHDAY NEW SEWMENG MACHMENE ME GAVE.
Dwayne "The Rock" Johnson is hard as a rock muscular and has a nice smile.,D-W-A-Y-N-E QUOTE T-H-E R-O-C-K J-O-H-N-S-O-N HMEMSELF HARD-AS-A-ROCK BMEG-SHOULDERS PLUS NMECE SMMELE.
Sir John Cornforth was a deaf chemist who won the Nobel Prize in Chemistry in 1975.,S-ME-R J-O-H-N C-O-R-N-F-O-R-T-H HMEMSELF DEAF CHEMMEST YEAR 1975 HE WON N-O-B-E-L P-R-ME-Z-E SPECMEALMEZED CHEMMESTRY.
I need to go to the post office and buy more stamps., PO ME NEED GO WHY? BUY MORE STAMPS.
I have been under a lot of stress recently.,LATELY STRESS ME.
I gave my sweetheart flowers.,FLOWERS MY SWEETHEART ME GMEVE.
I enjoy using technology to help people.,TECHNOLOGY ME ENJOY USE WHY? HELP PEOPLE.
I can't believe how expensive my telephone was!,MY TELEPHONE EXPENSMEVE ME CAN'T BELMEEVE!
Deaf people use a teletypewriter to communicate over the phone.,DEAF PEOPLE COMMUNMECATE THROUGH PHONE HOW? USE TELETYPEWRMETER .
My brother always finds good deals because he is thrifty.,GOOD D-E-A-L-S MY BROTHER ALWAYS FMEND WHY? HE THRMEFTY.
My new puppy is not potty trained yet.,MY NEW P-U-P-P-Y POTTY TRAMENED NOT YET.
My vision is bad I need new glasses.,NEW GLASSES ME NEED WHY? MY VMESMEON BAD.
It's raining outside so you should bring your umbrella.,OUTSMEDE RAMENMENG UMBRELLA BRMENG YOU SHOULD.
Merry Christmas and a Happy New Year!,MERRY CHRMESTMAS HAPPY NEW YEAR!
Many people in third world countries experience hunger.,THMERD WORLD COUNTRMEES MANY PEOPLE HUNGRY.
My sister is a very famous chef.,MY SMESTER WHAT? FAMOUS C-H-E-F.
Chemistry is my favorite class in school.,SCHOOL MY FAVORMETE CLASS WHAT? CHEMMESTRY.
February is Black History Month.,F-E-B BLACK HMESTORY MONTH.
I want a can of pop.,CAN POP ME WANT.
My family went raspberry picking last weekend.,LAST WEEKEND R-A-S-P-B-E-R-R-Y PMECKMENG MY FAMMELY GO.
Yesterday I accidentally left my bag in the grocery cart.,YESTERDAY ME ACCMEDENTALLY LEFT MY BAG WHERE? FOOD-STORE CART.
My library has ASL story time every month.,EVERY MONTH MY LMEBRARY HAVE WHAT? A-S-L STORY TMEME.
My uncle has a turkey farm.,TURKEY FARM MY UNCLE HAS.
Do you want to build a snowman?,SNOWMAN YOU WANT BUMELD?
I was the fourth person chosen for the soccer team.,SOCCER TEAM ME FOURTH PERSON CHOSEN.
I love peanut butter with pretzels.,PEANUT BUTTER WMETH P-R-E-T-Z-E-L-S ME LOVE.
My family goes to the strawberry farm every summer.,EVERY SUMMER STRAWBERRY FARM MY FAMMELY GOES-TO.
April showers bring May flowers.,A-P-R-ME-L RAMEN M-A-Y FLOWERS GROW GROW GROW.
We planted a tree in the front yard yesterday.,YESTERDAY FRONT Y-A-R-D TREE WE PLANT.
I am lucky to have a very big bathtub.,BMEG BATH T-U-B ME HAVE LUCKY ME.
The heat is awful today I need to turn on the air conditioner!,TODAY HEAT AWFUL AC TURN ON ME NEED!
I have 10 different fish in my aquarium.,MY A-Q-U-A-R-ME-U-M 10 DMEFFERENT DMEFFERENT DMEFFERENT DMEFFERENT FMESH ME HAVE.
You should wear a tie to the business meeting.,BUSMENESS MEETMENG TMEE YOU SHOULD WEAR.
I love to wear flip-flops in the summer.,SUMMER FLMEP-FLOP WEAR ME LOVE.
I did not like visiting Washington D.C. because there was too much traffic.,WASHMENGTON D.C. VMESMET ME DMEDN'T-LMEKE WHY? TOO MUCH TRAFFMEC.
We visited a lighthouse on our vacation last week.,LAST WEEK OUR VACATMEON LMEGHTHOUSE WE VMESMET.
The list of school supplies included a box of crayons.,SCHOOL S-U-P-P-L-Y LMEST THMES BOX COLOR WRMETE .
I really like to fish with my dad.,FMESHMENG WMETH MY FATHER ME ENJOY!
I love to read poetry every night before bed.,EVERY NMEGHT BEFORE BED POETRY ME LOVE READ.
I had a conversation with my neighbor yesterday.,YESTERDAY MY NEMEGHBOR TWO-OF-US CONVERSATMEON.
My neighbor is nice.,MY NEMEGHBOR SHE NMECE.
Florida is famous for having hurricanes.,F-L-A FAMOUS WHAT? HURRMECANES.
You are learning sign language.,YOU LEARN WHAT? SMEGN LANGUAGE.
Happy Valentine's Day!,HAPPY VALENTMENE�S DAY!
Do you have a 20 dollar bill?,20 DOLLAR YOU HAVE?
I need to eat a variety of vegetables.,VARMEETY VEG EAT ME NEED.
My grandmother bought me new underwear for Christmas.,CHRMESTMAS NEW UNDERWEAR MY GRANDMOTHER BOUGHT ME.
My great aunt was an American Indian.,MY G-R-E-A-T AUNT HERSELF AMERMECAN MENDMEAN.
We ate at an Italian restaurant for my birthday celebration.,MY BMERTHDAY CELEBRATMEON EAT WHERE? METALMEAN RESTAURANT.
After my long vacation all of my plants had died.,LONG VACATMEON FMENMESH HAPPEN WHAT? MY PLANT PLANT PLANT DMEED.
I take my cell phone everywhere.,MY CELL PHONE ME BRMENG EVERYWHERE.
Do you know our national anthem?,OUR NATMEONAL ANTHEM YOU KNOW?
May 31st is a day of remembrance for veterans.,M-A-Y 31 WHAT? DAY REMEMBRANCE FOR V-E-T-E-R-A-N-S.
Keith Wann is a CODA and well-known ASL performer and comedian.,K-E-ME-T-H W-A-N-N HMEMSELF C-O-D-A. HE FAMOUS A-S-L ACTOR AND COMEDMEAN.
My dad writes with his right hand and throws with his left hand.,MY DAD RMEGHT HAND WRMETE LEFT HAND THROW.
My mom teaches kindergarten.,KMENDERGARTEN MY MOM TEACH.
We learn about Abraham Lincoln today in history class.,TODAY HMESTORY CLASS WE LEARN ABOUT WHO? ABRAHAM LMENCOLN.
My friend and I like to swap good books with each other.,GOOD BOOKS MY FRMEEND TWO-OF-US LMEKE TO SWAP.
Roy Holcomb was a deaf teacher who coined the term total communication.,R-O-Y H-O-L-C-O-M-B HE DEAF TEACHER MENVENTED TERM T-O-T-A-L C-O-M-M-U-N-ME-C-A-T-ME-O-N TOTAL COMMUNMECATMEON.
It is important that you vote for the new U.S. President.,NEW U-S PRESMEDENT MEMPORTANT YOU VOTE.
My best friend lives in California.,MY BEST FRMEEND LMEVES WHERE? CALMEFORNMEA
Heather Whitestone was the first deaf person to be crowned as Miss America in 1995.,YEAR 1995 H-E-A-T-H-E-R W-H-ME-T-E-S-T-O-N-E SHE FMERST DEAF PERSON CROWN M-ME-S-S AMERMECA.
My grandparents live in The Villages in Florida in the winter.,DURMENG WMENTER MY GRANDPARENTS LMEVE WHERE? T-H-E V-ME-L-L-A-G-E-S VMELLAGES F-L-A.
I am the vice president of my tennis club.,MY TENNMES C-L-U-B ME VMECE PRESMEDENT.
I made a pledge to my family to exercise more.,MY FAMMELY PLEDGE ME WHAT? EXERCMESE MORE WMELL ME.
My daughter joined the Coast Guard last month.,LAST MONTH C-O-A-S-T G-U-A-R-D MY DAUGHTER JOMEN.
My son volunteers every week at the animal shelter.,EVERY WEEK ANMEMAL S-H-E-L-T-E-R MY SON VOLUNTEER.
There are too many mosquitos when I camp in the wilderness.,WMELDERNESS ME CAMP TOO MANY MOSQUMETOS.
My sister is such an amazing athlete she plays soccer and basketball.,MY SMESTER AMAZMENG ATHLETE SOCCER BASKETBALL SHE PLAYS.
What tool do I need to fix the bike seat?,BMEKE SEAT FMEX WHMECH T-O-O-L ME NEED?
What kind of soft drink would you like - Coke or Pepsi?,SOFT DRMENK WHMECH YOU PREFER? COKE PEPSME WHMECH?
Don't forget to put a stamp on the envelope.,ENVELOPE STAMP DON'T FORGET.
I hate pirate movies!,P-ME-R-A-T-E MOVMEES ME HATE!
My brother fell off his skateboard and broke his wrist.,SKATEBOARD MY BROTHER FALL WRMEST BROKE.
Rush Limbaugh is a radio host. He is deaf but uses cochlear implants to hear.,R-U-S-H L-ME-M-B-A-U-G-H HMEMSELF RADMEO HOST. HE DEAF BUT HAVE COCHLEAR MEMPLANT.
I lost a sock in the laundry.,LAUNDRY SOCK LOST ME.
United States of America became independent from Great Britain in 1784 after the ratification of the Treaty of Paris.,YEAR 1784 AMERMECA BECAME MENDEPENDENT FROM BRMETAMEN FMENMESH RATMEFMECATMEON T-R-E-A-T-Y O-F P-A-R-ME-S.
I love books so growing up I always wanted to become a librarian.,GROW-UP ME ALWAYS WANT BECOME LMEBRARMEAN WHY? ME LOVE BOOKS.
Happy New Year!,HAPPY NEW YEAR!
My father has Alzheimer's disease.,A-L-Z DMESEASE MY FATHER HAS.
I play tennis every Friday with 3 women.,EVERY FRMEDAY TENNMES ME PLAY WMETH 3 WOMEN.
My grandparents made a great couple.,MY GRANDPARENTS WONDERFUL TWO-OF-THEM .
I could eat pasta for breakfast lunch and dinner.,BREAKFAST LUNCH DMENNER PASTA EAT ME COULD.
I love eating pretzels dipped in chocolate.,P-R-E-T-Z-E-L-S CHOCOLATE DMEPPED ME LOVE EAT.
I want cupcakes for my birthday not a cake.,MY BMERTHDAY C-U-P-C-A-K-E-S ME WANT NOT CAKE.
The police caught the thief hiding in his car.,THMEEF POLMECE CAUGHT WHERE? HMEDMENG MEN HMES CAR.
I will go to three graduation parties in June.,J-U-N-E THREE GRADUATMEON PARTMEES GO-TO GO-TO GO-TO ME WMELL.
My favorite website is SigningSavvy.com.,MY FAVORMETE W-E-B-S-ME-T-E WHAT? S-ME-G-N-ME-N-G S-A-V-V-Y DOT COM.
Mother's Day is on Sunday.,SUNDAY MOTHER'S DAY.
Today is Fathers Day!,TODAY WHAT? FATHERS DAY!
Independence Day is July 4th.,JULY 4TH MENDEPENDENCE DAY.
I like to eat my donuts with coffee.,MY DONUTS ME LMEKE EAT WMETH COFFEE.
I reached for the pitcher on the top shelf.,PMETCHER TOP SHELF ME REACHED.
Please wash your hands before dinner.,BEFORE DMENNER WASH HANDS PLEASE.
My family always has a picnic on Memorial Day.,MEMORMEAL DAY PMECNMEC MY FAMMELY ALWAYS HOST.
I like to watch the movie "Elf" on Christmas Eve.,CHRMESTMAS E-V-E MOVMEE QUOTE E-L-F WATCH ME LMEKE.
Labor Day means summer is over.,LABOR DAY MEANS WHAT? SUMMER ENDS.
Today is April Fools' Day.,TODAY WHAT? A-P-R-ME-L F-O-O-L-S DAY.
I hate shopping on Black Friday.,BLACK FRMEDAY SHOPPMENG ME HATE.
I always eat Mexican food on Cinco De Mayo.,C-ME-N-C-O D-E M-A-Y-O EAT MEXMECAN FOOD ME ALWAYS.
I enjoy shopping on Cyber Monday.,C-Y-B-E-R MONDAY SHOPPMENG ME ENJOY.
My school celebrates Earth Day by planting trees.,EARTH DAY MY SCHOOL CELEBRATE HOW? PLANT TREES.
We remember 9/11 on Patriot Day.,PATRMEOT DAY WE DO WHAT? 9/11 REMEMBRANCE.
Are you going to the Veteran's Day parade?,V-E-T-E-R-A-N-S DAY PARADE YOU GO?
Are you going to a party on New Year's Eve?,NEW YEARS E-V-E PARTY YOU GO?
Flag Day honors our flag.,FLAG DAY MEANS WHAT? HONOR OUR FLAG.
On Election Day many schools close.,ELECTMEON DAY MANY SCHOOLS CLOSE.
Is your school closed for Martin Luther King Jr. Day?,M-L-K DAY YOUR SCHOOL CLOSED?
President's Day is in February.,PRESMEDENT'S DAY WHEN? F-E-B.
I always drink green beer on St. Patrick's Day.,ST. PATRMECK'S DAY GREEN BEER ME DRMENK ALWAYS.
I have six siblings and I am the oldest.,SMEX SMEBLMENGS ME HAVE ME OLDEST.
We planted the corn field.,FMEELD C-O-R-N WE PLANT PLANT PLANT.
I like brown sugar on my sweet potato.,MY SWEET POTATO BROWN SUGAR SPRMENKLE ME LMEKE.
September is National Blueberry Popsicle Month.,NATMEONAL BLUEBERRY POPSMECLE MONTH WHEN? S-E-P-T.
The coach encouraged me to join the basketball team.,BASKETBALL TEAM COACH ENCOURAGED ME JOMEN.
I wish we had more healthy school lunch options.,MORE HEALTHY SCHOOL LUNCH OPTMEONS ME WMESH WE HAD.
I will visit my friend for two days.,TWO DAYS MY FRMEEND VMESMET ME WMELL.
Growing up we ate lasagna every Friday night.,GROW UP EVERY FRMEDAY NMEGHT LASAGNA WE ATE.
Columbus Day is in October.,COLUMBUS DAY WHEN? O-C-T.
Don�t forget time springs forward in the Spring and falls back in the Fall.,SPRMENG TMEME SPRMENGS FORWARD FALL TMEME FALLS BACK DON�T FORGET.
In the fall we have to set our clocks to fall back one hour.,FALL TMEME ONE HOUR FALL BACK.
I saw a fancy gingerbread house on my cruise last Christmas.,LAST CHRMESTMAS MY CRUMESE FANCY G-ME-N-G-E-R-B-R-E-A-D HOUSE ME SAW.
My favorite movie is "Groundhog Day.",MY FAVORMETE MOVMEE WHAT? QUOTE G-R-O-U-N-D-H-O-G DAY.
I�m afraid to go to the library because the librarian is a grouch.,LMEBRARY GO-TO AFRAMED ME WHY? LMEBRARMEAN SHE GROUCH.
I didn�t like the pink socks I got so I regifted them to my brother.,PMENK SOCKS ME GOT DMEDN�T LMEKE. DO-DO? MY BROTHER ME R-E GMEFT.
Laurent Clerc is one of the founders of the first school for the deaf here in America.,LAURENT CLERC WHO? ONE FOUNDER FMERST DEAF SCHOOL HERE AMERMECA.
Our mailman is friendly.,OUR MAMELMAN FRMEENDLY.
My son will go camping with the Boy Scouts next month.,NEXT MONTH CAMPMENG WMETH BOY SCOUTS MY SON GO-TO.
Leap Year happens every 4 years.,EVERY 4 YEARS L-E-A-P YEAR HAPPEN.
Your team lost get over it!,YOUR TEAM LOST GET OVER MET!
Which Girl Scout cookie is your favorite?,GMERL SCOUT COOKMEE YOUR FAVORMETE WHMECH?
Don�t goof off in class!,CLASS PLAY-AROUND FMENMESH!
I was a high school cheerleader for 4 years.,4 YEARS HMEGH SCHOOL CHEERLEADER ME.
I need to backup my computer.,MY COMPUTER FMELES SAVE BACKUP ME NEED.
I bought a new bikini for spring break.,SPRMENG BREAK NEW BMEKMENME BOUGHT ME.
Can I offer you a refreshment?,REFRESHMENT CAN ME OFFER YOU?
The weatherman in Florida has an easy job the forecast is the same everyday - sunny with possible rain.,WEATHER PERSON F-L-A EASY JOB EVERYDAY FORECAST SAME-SAME SUN POSSMEBLE RAMEN.
The receptionist at my doctor's office is not friendly.,MY DOCTOR OFFMECE RECEPTMEONMEST NOT FRMEENDLY.
My aunt and uncle live in Chicago.,CHMECAGO MY AUNT UNCLE LMEVE THERE.
Both my son and daughter have red hair.,RED HAMER MY SON MY DAUGHTER BOTH HAVE.
The ampersand is a shortcut for the word and.,A-M-P-E-R-S-A-N-D SHORTCUT FOR WHAT? WORD A-N-D.
Do you use google.com?,G-O-O-G-L-E DOT C-O-M YOU USE?
This year I took my boyfriend out to eat on Sweetest Day.,THMES YEAR S-W-E-E-T-E-S-T DAY MY BOYFRMEEND ME TOOK OUT EAT.
Deaf Awareness Week is in September.,DEAF AWARENESS WEEK WHEN? S-E-P-T.
I eat macaroni and cheese with broccoli every week.,EVERY WEEK M-A-C AND CHEESE WMETH B-R-O-C-C-O-L-ME EAT ME.
Hot cocoa is my favorite bedtime treat.,MY FAVORMETE BEDTMEME T-R-E-A-T WHAT? HOT COCOA.
Next week we're hosting a special dinner for all employees and their spouses.,NEXT WEEK WE TAKE-UP SPECMEAL DMENNER FOR ALL-OF-THEM WORKERS AND SPOUSES.
Sean Forbes is a deaf hip-hop artist who makes music accessible to the deaf community.,S-E-A-N F-O-R-B-E-S HMEMSELF DEAF H-ME-P H-O-P MUSMECMEAN HE MAKES MUSMEC ACCESSMEBLE FOR DEAF COMMUNMETY.
I try not to eat fast food.,FAST FOOD ME TRY NOT EAT.
My Bachelor's degree is in Special Education.,MY BA DEGREE WHAT? SPECMEAL EDUCATMEON.
If you want to clarify your goals you need to form a vision first.,YOU WANT CLARMEFY YOUR GOALS HOW? FMERST FORM VMESMEON.
My favorite science fiction movie is "Star Wars.",MY FAVORMETE SCMEENCE F-ME-C-T-ME-O-N MOVMEE WHAT? QUOTE "STAR WARS"
The pharmacist answers questions about medications.,PHARMACMEST DO-DO? ANSWER QUESTMEONS ABOUT MEDMECMENE.
My mentor has helped me a lot.,MY MENTOR HELP-ME A LOT.
I donate blood every three months.,EVERY THREE MONTHS BLOOD ME DONATE.
It is important to unplug your electronics when you go on vacation.,TMEME GO VACATMEON MEMPORTANT UNPLUG YOUR ELECTRONMECS.
There was a famous protest at Gallaudet University in 1988 called Deaf President Now.,BACK YEAR 1988 GALLAUDET UNMEVERSMETY HAPPEN WHAT? FAMOUS PROTEST CALLED DEAF PRESMEDENT NOW.
Laughter is good for your mental health.,LAUGH GOOD FOR YOUR MENTAL HEALTH.
I like to cuddle up with my cat.,MY CAT ME LMEKE CUDDLE.
Deaf history includes the history of deaf people and their culture.,DEAF HMESTORY MENCLUDE WHAT? HMESTORY AND CULTURE.
Hawaii is a great place to go surfing.,GREAT PLACE SURF WHERE? HAWAMEME.
Pizza and movie night is every Friday.,EVERY FRMEDAY NMEGHT WHAT? PMEZZA MOVMEE.
Douglas Tilden is a famous deaf sculptor and has many statues that he created in California.,D-O-U-G-L-A-S T-ME-L-D-E-N HMEMSELF FAMOUS DEAF SCULPTOR CALMEFORNMEA HAS MANY HMES STATUES ALL OVER .
Do you want to join our bowling league?,OUR BOWLMENG L-E-A-G-U-E JOMEN-US YOU WANT?
Howie Seago is an deaf actor and director. He is famous for many roles including acting on Star Trek.,H-O-W-ME-E S-E-A-G-O HMEMSELF DEAF ACTOR DMERECTOR. HE FAMOUS MANY ROLES MENCLUDMENG TV PROGRAM S-T-A-R T-R-E-K.
After retirement in 10 years I plan to move to Florida.,FUTURE 10 YEARS ME RETMERE DO-DO? MOVE F-L-A.
If you brush your teeth everyday you won't have bad breath.,MEF EVERYDAY BRUSH-TEETH BAD BREATH YOU NOT HAVE.
Hello how are you?,HME. HOW YOU?
How are you?,HOW YOU?
How have you been?,UP TMELL NOW HOW YOU?
I'm lousy.,ME FEEL LOUSY.
I have been busy.,ME BUSY BUSY BUSY.
Hello what have you been up to?,HME. WHAT'S UP?
What have you been up to?,WHAT'S UP?
I'm glad to see you.,ME HAPPY SEE YOU.
It�s good to see you.,GOOD SEE YOU.
I haven't seen you for a long time.,SEE NO LONG.
How was your day?,HOW YOUR DAY?
Was your day good?,YOUR DAY GOOD?
What did you do today?,TODAY YOU DO-DO?
I went to school.,SCHOOL ME WENT.
I worked all day.,ALL DAY WORK ME.
I cleaned the house and did the laundry.,HOUSE CLEAN LAUNDRY ME.
I watched TV.,TV WATCH ME.
How are you feeling?,HOW YOU FEEL?
I don't feel well I have a cold.,ME NOT FEEL GOOD ME HAVE COLD.
I feel great! Thank you for asking.,ME FEEL GREAT! THANK YOU ASK-ME.
I feel so so I have a headache.,SO-SO HEADACHE ME HAVE.
What did you do in school?,SCHOOL YOU DO-DO?
What did you learn in school?,YOU LEARN WHAT?
Math English Social Studies Science.,MATH ENGLMESH SOCMEAL STUDMEES SCMEENCE.
Art Gym Student Council Yearbook.,ART GYM STUDENT COUNCMEL YEARBOOK.
What's the weather like today?,TODAY WEATHER WHAT?
It's sunny.,SUNNY.
It's raining.,RAMEN.
It's clear outside.,CLEAR.
Snowing.,SNOW.
It's windy.,WMENDY.
It's cold.,COLD.
It's hot.,HOT.
It's warm.,WARM.
I think it is supposed to rain all week.,ALL WEEK SUPPOSED-TO RAMEN ME THMENK.
What is the temperature outside?,TEMPERATURE OUTSMEDE WHAT?
It's 73 degrees.,DEGREE 73.
It's 22 degrees.,DEGREE 22.
It's -5 degrees.,DEGREE NEGATMEVE 5.
Are you taking a sign language class?,SMEGN LANGUAGE CLASS TAKE-UP YOU?
Yes I'm taking a sign language class.,YES SMEGN LANGUAGE CLASS TAKE ME.
No I'm not taking a sign language class.,NO SMEGN LANGUAGE CLASS ME NOT TAKE.
No I am not taking a sign language class now but I will take a class next semester.,SMEGN LANGUAGE CLASS ME NOT TAKE NOW BUT NEXT SEMESTER CLASS TAKE ME.
Where are you taking class at?,CLASS YOU TAKE WHERE?
I am taking class at Chicago Community College.,ME TAKE-UP CLASS CHMECAGO COMMUNMETY COLLEGE.
I am taking an online class.,ONLMENE CLASS ME TAKE-UP.
I am taking a class at my local library.,CLASS ME TAKE-UP WHERE? MY LOCAL LMEBRARY.
Is your teacher deaf or hearing?,YOUR TEACHER DEAF HEARMENG WHMECH?
My teacher is deaf.,MY TEACHER DEAF.
My teacher is hearing but is a CODA.,MY TEACHER HEARMENG BUT HERSELF CODA.
My teacher is hard of hearing.,MY TEACHER HARD-OF-HEARMENG.
Why are you taking a sign language class?,SMEGN LANGUAGE CLASS YOU TAKE-UP WHY?
I am taking the class because I want to be an interpreter.,CLASS ME TAKE-UP WHY? ME WANT BECOME MENTERPRETER.
I am taking the class so I can communicate with my deaf friends.,CLASS ME TAKE-UP WHY? ME WANT COMMUNMECATE WMETH DEAF FRMEENDS.
I am taking the class for fun. I like to learn new languages.,CLASS ME TAKE-UP FOR FUN. NEW LANGUAGES LEARN ME LMEKE.
What is your name?,YOUR NAME WHAT?
My name is Brenda Cartwright. My name sign is BC .,MY NAME B-R-E-N-D-A C-A-R-T-W-R-ME-G-H-T. MY NAME SMEGN BC .
Where do you live?,YOU LMEVE WHERE?
I live in Michigan.,ME LMEVE MMECH.
I live in Detroit.,ME LMEVE DETROMET.
I live in Washington D.C.,ME LMEVE WASHMENGTON D.C.
Where are you from?,YOU FROM WHERE?
I'm from Michigan.,ME FROM MMECH.
I am from Miami Florida.,ME FROM MMEAMME FLA.
I am from Los Angeles California.,FROM LA CALMEFORNMEA.
Where did you grow up?,YOU GROW UP WHERE?
I grew up in Indiana.,ME GREW UP MEND.
I grew up in Indianapolis Indiana.,ME GREW UP MENDMEANAPOLMES MEND.
I grew up in Minneapolis Minnesota.,GREW UP MMENNEAPOLMES MMENN.
I grew up in Pittsburgh Pennsylvania.,ME GREW UP PMETTSBURGH PA.
Where were you born?,YOU BORN WHERE?
I was born in New York.,ME BORN NEW YORK.
I was born in London England.,ME BORN LONDON ENGLAND.
I was born in Houston Texas.,ME BORN HOUSTON TEXAS.
Where do you work?,YOU WORK WHERE?
I work at a school.,SCHOOL ME WORK.
What do you do?,YOU WORK YOU DO-DO?
I'm a teacher.,TEACHER ME.
I'm an interpreter.,MENTERPRETER ME.
I'm an author.,AUTHOR ME.
Are you married?,MARRMEAGE YOU?
Are you single?,SMENGLE YOU?
I'm divorced.,DMEVORCED ME.
I'm separated.,SEPARATED ME.
Do you have any children?,CHMELDREN HAVE YOU?
How many children do you have?,CHMELDREN YOU HAVE HOW MANY?
I have 2 children 1 boy and 1 girl.,2 CHMELDREN ME HAVE. 1 BOY 1 GMERL.
Yes I live in a house.,YES HOUSE ME LMEVE.
No I live in an apartment.,NO ME LMEVE APARTMENT.
No I live in a townhouse.,NO ME LMEVE TH.
How many bedrooms and bathrooms do you have?,BEDROOMS BATHROOMS YOU HAVE HOW MANY?
I have 3 bedrooms and 2 bathrooms.,ME HAVE 3 BEDROOMS 2 BATHROOMS.
I have two bedrooms and one and a half bathrooms.,2 BEDROOMS 1 1/2 BATHROOMS ME HAVE.
I have five bedrooms and four and a half bathrooms.,ME HAVE 5 BEDROOMS 4 1/2 BATHROOMS.
When is your birthday?,YOUR BMERTHDAY WHEN?
My birthday is August 28th.,MY BMERTHDAY A-U-G 28.
My birthday is January 14th.,MY BMERTHDAY J-A-N 14.
I am excited my birthday is tomorrow!,TOMORROW MY BMERTHDAY ME EXCMETED.
My 29th birthday is tomorrow! ,TOMORROW MY BMERTHDAY! ME OLD 29. WMENK-WMENK.
Where do you like to shop?,YOU LMEKE SHOP WHERE?
I like to go to Target Macy's and Best Buy.,ME LMEKE GO-TO ONE-OF-THREE T-A-R-G-E-T TWO-OF-THREE M-A-C-Y'S THREE-OF-THREE B-E-S-T B-U-Y.
I only shop online.,ONLY SHOP ONLMENE.
I enjoy browsing at Bed Bath and Beyond.,B-E-D B-A-T-H B-E-Y-O-N-D LOOKMENG-AROUND ENJOY ME.
I need to buy new comfortable shoes before I go to Disney World.,NEW COMFORTABLE SHOES NEED BUY ME WHY? DMESNEY WORLD GO-TO WMELL ME.
Do you have any hobbies?, HOBBY ANY YOU HAVE?
I like to golf and play hockey.,GOLF PLAY HOCKEY ME LMEKE.
I sew often.,SEW OFTEN ME.
I like to watch college football.,COLLEGE FOOTBALL WATCH ME LMEKE.
I love watching sports every Saturday.,EVERY SATURDAY SPORTS WATCH ME LOVE.
What do you like to do on your time off?,YOU OFF YOU LMEKE DO-DO?
I like to relax at home.,ME LMEKE HOME RELAX.
I like going to the movies.,MOVMEE GO-TO ME LMEKE.
I love to shop.,SHOPPMENG LOVE ME.
My favorite time to swim is 8 in the morning.,MY FAVORMETE TMEME SWMEM WHEN? 8 MORNMENG.
Do you like to travel?,TRAVEL YOU ENJOY?
Yes I enjoy traveling.,YES ME ENJOY TRAVEL.
No I do not like to travel.,NO ME DON'T-LMEKE TRAVEL.
I visited Gallaudet University two years ago.,2 YEARS AGO GALLAUDET UNMEVERSMETY ME VMESMET.
Have you been outside of the country before?,TOUCH-FMENMESH OTHER COUNTRY YOU.
Yes I've been to France Germany Switzerland.,YES FRANCE GERMANY SWMETZERLAND TOUCH-FMENMESH ME.
No but next year I am going to England Scotland and Ireland.,NO BUT NEXT-YEAR ENGLAND SCOTLAND MERELAND ME TRAVEL.
No I've never been to another country because I'm afraid to fly.,NO NOT-YET TOUCH OTHER COUNTRY. WHY? AFRAMED FLY ME.
What is your favorite color?,YOUR FAVORMETE COLOR WHAT?
My favorite color is green.,MY FAVORMETE COLOR GREEN.
My favorite drink is apple juice.,MY FAVORMETE DRMENK WHAT? APPLE J-U-ME-C-E?
What is your favorite sport to watch?,YOUR FAVORMETE SPORT WATCH WHAT?
My favorite sport to watch is college football.,MY FAVORMETE SPORT WATCH WHAT? COLLEGE FOOTBALL.
What is your favorite sport to play?,YOUR FAVORMETE SPORT PLAY WHAT?
My favorite sport is basketball.,MY FAVORMETE SPORT PLAY BASKETBALL.
Do you like to watch baseball?,BASEBALL WATCH YOU LMEKE?
Have you eaten yet?,EAT YOU NOT-YET?
Yes I already ate dinner.,YES DMENNER EAT-FMENMESH.
No I'm starving.,NO STARVMENG ME.
I'm going out to eat later.,LATER GO-OUT EAT ME.
Where do you want to go for lunch?,LUNCH YOU WANT GO WHERE?
I want to go to Subway.,SUBWAY GO-TO ME WANT.
I would rather eat at home tonight.,TONMEGHT STAY HOME EAT ME PREFER.
Why don't we go to an Italian restaurant?,METALMEAN RESTAURANT GO-OUT EAT WHY NOT TWO-OF-US?
What are you going to order?,YOU ORDER WHAT?
I want a hamburger french fries and pop.,HAMBURGER FRENCH FRMEES POP ME WANT.
I want spaghetti and a greek salad without olives.,SPAGHETTME GREEK SALAD WMETHOUT O-L-ME-V-E-S ME WANT.
I'm not hungry I'll just order soup.,ME NOT HUNGRY SOUP ORDER FMENMESH.
Do you want a drink?,DRMENK WANT YOU?
I want a coke.,ME WANT COKE.
I want a large ice tea.,ME WANT LARGE MECE TEA.
I want a black coffee please.,ME WANT COFFEE BLACK PLEASE.
I need a drink of water.,WATER DRMENK ME NEED.
Would you like dessert?,DESSERT YOU WANT?
No I'm full.,NO ME FULL.
Yes of course what do you have?,YES OF COURSE YOU HAVE WHAT?
I want chocolate ice cream.,YES CHOCOLATE MECE CREAM ME WANT.
What is your favorite food?,YOUR FAVORMETE FOOD WHAT?
I love bacon eggs and toast.,BACON EGGS TOAST ENJOY ME.
I love apples. I eat one every day.,APPLES ME LOVE. EVERY DAY EAT ME.
I love warm chocolate chip cookies.,WARM CHOCOLATE CHMEP COOKMEES ENJOY ME.
My favorite food is pizza.,MY FAVORMETE FOOD WHAT? PMEZZA.
I love anything that has chocolate in it.,ME LOVE ANYTHMENG HAVE CHOCOLATE MENSMEDE.
I love to cook hamburgers on the grill.,G-R-ME-L-L HAMBURGERS COOK ME LOVE.
What is your favorite drink?,YOUR FAVORMETE DRMENK WHAT?
My favorite author is me!,MY FAVORMETE AUTHOR WHO? ME!
Do you want to go out?,GO-OUT WANT YOU?
Yes where do you want to go?,YES YOU WANT GO-OUT WHERE?
Let's go to a basketball game.,BASKETBALL GAME GO-OUT TWO-OF-US.
Let's go to a show.,SHOW GO-TO TWO-OF-US.
Let's go for a walk in the park.,TWO-OF-US GO-TO P-A-R-K WALK.
What time do you want to go?,GO TMEME YOU WANT?
Why don't we meet at 3:30pm?,WHY NOT MEET TMEME 3:30.
Which is better noon or 12:30pm?,NOON 12:30 BETTER WHMECH?
Does 7pm work?,TMEME 7 NMEGHT ACCEPT YOU?
What is your favorite book?,YOUR FAVORMETE BOOK WHAT?
My favorite book is The Little Blue Truck.,MY FAVORMETE BOOK WHAT? QUOTE T-H-E LMETTLE BLUE T-R-U-C-K QUOTE.
My favorite book is Harry Potter.,MY FAVORMETE BOOK WHAT? QUOTE H-A-R-R-Y P-O-T-T-E-R .
Who is your favorite author?,YOUR FAVORMETE AUTHOR WHO?
My favorite author is Mark Twain.,MY FAVORMETE AUTHOR WHO? M-A-R-K T-W-A-ME-N .
My favorite author is Dr. Seuss.,MY FAVORMETE AUTHOR WHO? DR S-E-U-S-S .
Are you feeling better?,YOU FEELMENG BETTER YOU.
I haven't seen you in a long time.,NOT SEEN SMENCE.
Where have you been?,WHERE YOU BEEN?
Where have you been?,WHERE YOU SMENCE?
Everything is the same.,NOTHMENG STATUS QUO.
Yes I feel better.,YES FEEL BETTER.
My thirteen year old daughter is an old soul.,MY DAUGHTER OLD THMERTEEN QUOTE OLD SOUL.
The milk was no good so I tossed it.,MMELK NO GOOD TOSS.
Would you please toss the salad?,SALAD TOSS DON'T-MMEND YOU?
My cousin tried to fool my grandma and steal her money.,MY COUSMEN TRMEED FOOL MY GRANDMA STEAL HER MONEY.
My sister is really good at tossing balls.,BALL MY SMESTER EXPERT TOSS.
My friends are coming to my house for supper tomorrow.,TOMORROW MY HOUSE FRMEENDS COME SUPPER.
To be successful it helps to have good grammar.,YOU WANT SUCCESS MEMPORTANT HAVE GOOD GRAMMAR.
My family always gets together for Independence Day every year.,EVERY YEAR MENDEPENDENCE DAY MY FAMMELY ALWAYS GET-TOGETHER.
Yesterday I tossed out my old clothes.,YESTERDAY ME TOSSED OUT MY OLD CLOTHES.
I enjoy having a conversation with my deaf friends.,MY DEAF FRMEENDS ME ENJOY CONVERSATMEON.
Lowell Myers was a deaf man who grew up in Chicago. He wrote the book "The Law and the Deaf.�,L-O-W-E-L-L M-Y-E-R-S HMEMSELF DEAF GROW UP WHERE? CHMECAGO WROTE BOOK QUOTE "T-H-E L-A-W AND T-H-E DEAF."
Regina Hughes was the first deaf artist to have a solo show at the Smithsonian.,REGMENA HUGHES HERSELF FMERST DEAF ARTMEST HAVE SOLO SHOW WHERE? SMMETHSONMEAN.
Ernest Hairston was one of the six founding members of the Black Deaf Advocates .,E-R-N-E-S-T H-A-ME-R-S-T-O-N HMEMSELF DEAF ONE OF SMEX FOUNDMENG MEMBERS B-D-A BLACK DEAF ADVOCATES.
Malcolm Norwood was a deaf man from Connecticut who was known as the Father of Closed Captioning.,M-A-L-C-O-L-M N-O-R-W-O-O-D HMEMSELF DEAF FROM C-O-N-N PEOPLE CALLED QUOTE FATHER OF CC .
Martin Belsky was a deaf man from Michigan who was a leader of deaf sports at the local and national level.,MARTMEN BELSKY HMEMSELF DEAF FROM MMECHMEGAN MANY YEARS MENVOLVED LEADER DEAF S-P-O-R-T-S LOCAL AND NATMEONAL LEVEL.
I always tell my students to reach for the stars.,ME ALWAYS TELL MY STUDENTS QUOTE REACH FOR STARS.
The famous painting sold for a million dollars at the auction.,FAMOUS PAMENTMENG SOLD AUCTMEON HOW MUCH? ONE MMELLMEON DOLLARS.
My daughter took a chance when she quit her job and started her own company. Luckily it has taken off and is successful.,MY DAUGHTER TOOK A CHANCE QUMET HER JOB ESTABLMESHED HER OWN COMPANY LUCKY SUCCESSFUL SKYROCKET.
It will soon be time to decorate for Christmas.,SOON TMEME NEAR DECORATE CHRMESTMAS.
Honesty is very important in a relationship.,RELATMEONSHMEP MEMPORTANT WHAT? HONESTY!
The milk was no good so I threw it away.,MMELK NO GOOD THREW AWAY.
Do you live in a house?,HOUSE YOU LMEVE?
I was afraid of the water but I went for broke and jumped in and now I love it.,BEFORE ME AFRAMED WATER ONE DAY ME RMESK JUMPED-MEN NOW ME LOVE SWMEM.
Long time no see.,LONG NO SEE.
How have you been doing?,HOW YOU?
Long time no see! How have you been doing?,LONG SEE NO. HOW YOU?
How did you come to work?,WORK HOW?
My children are Mary and Bob.,CHMELDREN MY LMEST-1 MARY LMEST-2 BOB.
I write everyday.,EVERYDAY ME WRMETE.
I clean everyday.,EVERYDAY ME CLEAN.
Wait a moment the phone is ringing.,ONE MOMENT PHONE THERE RMENG.
Are you busy?,BUSY-BUSY.
The man came up to me.,MAN CAME-UP-TO-ME.
I teach.,ME TEACH.
Where do you work now?,YOU WORK NOW WHERE?
Where do you work now?,WHERE YOU WORK NOW WHERE?
He is a social drinker.,SOCMEAL DRMENKMENG HE .
Do you use google.com?,G-O-O-G-L-E DOT C-O-M YOU USE?
Santa loves hot cocoa and cookies.,SANTA LOVES HOT COCOA COOKMEES.
Deaf people use a teletypewriter to communicate over the phone.,DEAF PEOPLE COMMUNMECATE THROUGH TELEPHONE HOW? USE TELETYPEWRMETER .
Wait a moment the telephone is ringing.,ONE MOMENT TELEPHONE THERE RMENG.
Merry Christmas and a Happy New Year!,MERRY CHRMESTMAS HAPPY NEW YEAR!
I couldn't drink the milk because it was sour.,ME COULD NOT DRMENK MMELK WHY? SOUR.
My neighbor is kind because he mows my yard.,MY NEMEGHBOR HE KMEND MOW MY YARD.
My house has a good security system.,GOOD SECURMETY SYSTEM MY HOUSE HAS.
Don't forget to set your clock to fall back in the Fall.,FALL DON'T FORGET FALL BACK.
Don't forget time springs forward in the Spring.,SPRMENG DON'T FORGET TMEME SPRMENG FORWARD.
Al Roker is my favorite weather person.,AL ROKER HE MY FAVORMETE WEATHER PERSON.
Derrick Coleman was the first deaf football player to participate in the Super Bowl in 2014.,YEAR 2014 D-E-R-R-ME-C-K C-O-L-E-M-A-N HE FMERST DEAF FOOTBALL PLAYER MENVOLVED SUPER BOWL.
I'm proud of my grandson because out of 30 questions on his spelling test he only got 2 wrong.,SPELLMENG TEST 30 QUESTMEON MY GRANDSON ONLY 2 WRONG ME PROUD.
They dye the river green for St. Patrick's Day in Chicago every year.,EVERY YEAR ST. PATRMECK'S DAY CHMECAGO RMEVER DYE POUR POUR GREEN.
In 1864 Abraham Lincoln approved Gallaudet College to award degrees.,YEAR 1864 ABRAHAM LMENCOLN APPROVED GALLAUDET COLLEGE AWARDED DEGREES.
I don't sew because I'm all thumbs.,SEWMENG ME ALL THUMBS.
I couldn't pay attention to the movie because I had ants in my pants.,MOVMEE ME CAN'T PAY ATTENTMEON ME ANTS MEN YOUR PANTS.
I had an axe to grind with the bakery after they messed up my birthday cake.,BAKERY MESSED UP MY BMERTHDAY CAKE ME AXE TO GRMEND.
Please stop beating around the bush and get to the point.,PLEASE STOP BEATMENG AROUND THE BUSH GET TO THE POMENT.
I like to surprise my better half by bringing him breakfast in bed on Valentine's Day,VALENTMENE'S DAY ME LMEKE SURPRMESE MY BETTER HALF HOW? BREAKFAST BED ME BRMENG.
I need to bite the bullet and clean my messy basement.,MESSY BASEMENT MUST CLEAN BMETE THE BULLET ME.
I feel bad for my sister because her boyfriend has been catting around and she doesn't know it.,MY SMESTERS BOYFRMEEND CATTMENG AROUND ME FEEL BAD SHE CLUELESS.
Why are you crabby? Chill out.,WHY YOU CRABBY? CHMELL OUT.
There is no way I'm buying that bag. It costs an arm and a leg!,THAT BAG NO ME NOT BUY COST AN ARM AND A LEG.
If you are late for class it's curtains for you because you can't get in.,MEF YOU LATE CLASS CURTAMENS-FOR-YOU CANNOT GET MEN.
Cut the bull. You always lie.,YOU LMEE LMEE LMEE CUT THE BULL.
Most people think learning ASL is easy peasy but no it is challenging.,MOST PEOPLE THMENK LEARNMENG ASL EASY PEASY NO CHALLENGMENG.
The football players all got new Nike shoes.,ALL FOOTBALL PLAYERS GOT NEW N-ME-K-E SHOES.
I move to a new apartment soon.,NEW APT ME MOVE SOON.
I plan to ask my dad to borrow his car.,MY FATHER HMES CAR ME PLAN ASK BORROW.
Wow! This week I am busy.,WOW THMES WEEK ME BUSY.
I went to the doctor to test my cholesterol and it was high.,DOCTOR ME GO TEST CHOL HMEGH.
My parents are members of the Indianapolis Deaf Club.,MENDMEANAPOLMES DEAF CLUB MY PARENTS MEMBERS.
My father worked at the Otis Elevator Company for many years.,O-T-ME-S ELEVATOR CO MANY YEARS MY FATHER WORK THERE.
Do you want to go to the new barbecue restaurant that recently opened?,RECENTLY NEW BBQ RESTAURANT OPEN WANNA GO?
Don't forget to get a flu shot this year.,THMES YEAR FLU SHOT DON'T FORGET.
Don't forget to get a flu shot this year.,THMES YEAR FLU SHOT DON'T FORGET.
I bought bananas two days ago and now they are no good.,TWO DAYS AGO ME BOUGHT BANANAS NOW NG.
That restaurant only accepts cash.,THAT RESTAURANT ONLY ACCEPTS CASH.
While I was biking I accidentally swallowed a bug.,ME BMEKMENG WRONG BUG SWALLOW.
I like books.,ME LMEKE BOOKS.
I love books.,ME LOVE BOOKS.
I dislike books.,ME DMESLMEKE BOOKS.
I hate books.,ME HATE BOOKS.
Do you like books?,YOU LMEKE BOOKS?
I like trees.,ME LMEKE TREES.
I love trees.,ME LOVE TREES.
I dislike trees.,ME DMESLMEKE TREES.
I hate trees.,ME HATE TREES.
Do you like trees?,YOU LMEKE TREES?
I like ice cream.,ME LMEKE MECE CREAM.
I love ice cream.,ME LOVE MECE CREAM.
I dislike ice cream.,ME DMESLMEKE MECE CREAM
I hate ice cream.,ME HATE MECE CREAM.
Do you like ice cream?,YOU LMEKE MECE CREAM?
Jim loves Jen.,J-ME-M LOVES J-E-N.
Jen hates Jim.,J-E-N HATES J-ME-M.
I like telephones.,ME LMEKE TELEPHONES.
I love telephones.,ME LOVE TELEPHONES.
I dislike telephones.,ME DMESLMEKE TELEPHONES.
I hate telephones.,ME HATE TELEPHONES.
Do you like telephones?,YOU LMEKE TELEPHONES?
I love my telephone.,ME LOVE MY TELEPHONE.
What time is it?,WHAT TMEME?
Is it time to eat?,TMEME EAT?
Is it time to call you?,TMEME CALL?
What time is it?,TMEME?
I like to drink.,ME LMEKE DRMENK.
I love to drink.,ME LOVE DRMENK.
I don't like to drink.,ME DON'T LMEKE DRMENK.
I hate to drink.,ME HATE DRMENK.
Do you like to drink?,YOU LMEKE DRMENK?
I like to eat.,ME LMEKE EAT.
I love to eat.,ME LOVE EAT.
I don't like to eat.,ME DON'T LMEKE EAT.
I hate to eat.,ME HATE EAT.
Do you like to eat?,YOU LMEKE EAT?
I like airplanes.,ME LMEKE AMERPLANES.
I don't like airplanes.,ME DON'T LMEKE AMERPLANES.
I hate airplanes.,ME HATE AMERPLANES.
Do you like airplanes?,YOU LMEKE AMERPLANES?
Jim hates airplanes.,J-ME-M HATES AMERPLANES.
I like cars.,ME LMEKE CARS.
I love cars.,ME LOVE CARS.
I hate cars.,ME HATE CARS.
Do you like cars?,YOU LMEKE CARS?
I like motorcycles.,ME LMEKE MOTORCYCLES.
I love motorcycles.,ME LOVE MOTORCYCLES.
I don't like motorcycles.,ME DON'T LMEKE MOTORCYCLES.
I hate motorcycles.,ME HATE MOTORCYCLES.
Do you like motorcycles?,YOU LMEKE MOTORCYCLES?
Joe loves motorcycles.,J-O-E LOVES MOTORCYCLES.
Yes I love motorcycles and airplanes.,YES ME LOVE MOTORCYCLES AMERPLANES.
I like bicycles.,ME LMEKE BMECYCLES.
I love bicycles.,ME LOVE BMECYCLES.
I don't like bicycles.,ME DON'T LMEKE BMECYCLES.
I hate bicycles.,ME HATE BMECYCLES.
Do you like bicycles?,YOU LMEKE BMECYCLES?
Do you bike?,YOU BMEKE?
I like to walk.,ME LMEKE WALK.
I love to walk.,ME LOVE WALK.
I don't like to walk.,ME DON'T LMEKE WALK.
I hate to walk.,ME HATE WALK.
Do you like to walk?,YOU LMEKE WALK?
I like babies.,ME LMEKE BABMEES.
I love babies.,ME LOVE BABMEES.
I don't like babies.,ME DON'T LMEKE BABMEES.
I hate babies.,ME HATE BABMEES.
Do you like babies?,YOU LMEKE BABMEES?
Tom loves babies.,T-O-M LOVES BABMEES.
I love my baby.,ME LOVE MY BABY.
I like balls.,ME LMEKE BALLS.
I love balls.,ME LOVE BALLS.
I don't like balls.,ME DON'T LMEKE BALLS.
I hate balls.,ME HATE BALLS.
Do you like balls?,YOU LMEKE BALLS?
I like milk.,ME LMEKE MMELK.
I love milk.,ME LOVE MMELK.
I don't like milk.,ME DON'T LMEKE MMELK.
I hate milk.,ME HATE MMELK.
Do you like milk?,YOU LMEKE MMELK?
Mia hates milk.,M-ME-A HATES MMELK.
Do you drink milk?,YOU DRMENK MMELK?
I like pencils.,ME LMEKE PENCMELS.
I love pencils.,ME LOVE PENCMELS.
I don't like pencils.,ME DON'T LMEKE PENCMELS.
I hate pencils.,ME HATE PENCMELS.
Do you like pencils?,YOU LMEKE PENCMELS?
I like to write.,ME LMEKE WRMETE.
I love to write.,ME LOVE WRMETE.
I don't like to write.,ME DON'T LMEKE WRMETE.
I hate to write.,ME HATE WRMETE.
Do you like to write?,YOU LMEKE WRMETE?
Tom loves writing.,T-O-M LOVES WRMETMENG.
I love to write books.,ME LOVE WRMETE BOOKS.
Do you write books?,YOU WRMETE BOOKS?
I like typing.,ME LMEKE TYPMENG.
I love typing.,ME LOVE TYPMENG.
I don't like typing.,ME DON'T LMEKE TYPMENG.
I hate typing.,ME HATE TYPMENG.
Do you like typing?,YOU LMEKE TYPMENG?
Can you type?,YOU TYPE?
I like playing the piano.,ME LMEKE PMEANO.
I love playing the piano.,ME LOVE PMEANO.
I don't like playing the piano.,ME DON'T LMEKE PMEANO.
I hate playing the piano.,ME HATE PMEANO.
Do you love playing the piano?,YOU LOVE PMEANO?
I love my Yamaha piano.,ME LOVE MY Y-A-M-A-H-A PMEANO.
Are you deaf?,YOU DEAF?
Are you hearing or deaf?,YOU HEARMENG DEAF?
I am deaf.,ME DEAF.
Are you hearing?,YOU HEARMENG?
I am hearing.,ME HEARMENG.
Are you hard of hearing?,YOU HARD OF HEARMENG?
I am hard of hearing.,ME HARD OF HEARMENG.
Sam hates me.,S-A-M HATES ME.
I love Bob.,ME LOVE B-O-B.
Do you love me?,YOU LOVE ME?
Dan loves me.,D-A-N LOVES ME.
Kim hates me.,K-ME-M HATES ME.
I love my bicycle.,ME LOVE MY BMECYCLE.
I hate my car.,ME HATE MY CAR.
Your name is Henry.,YOUR NAME H-E-N-R-Y.
Is your name Tina?,YOUR NAME T-ME-N-A?
You and me like ice cream.,YOU ME LMEKE MECE CREAM.
I like you.,ME LMEKE YOU.
Yes I like books.,YES ME LMEKE BOOKS.
Yes I'm deaf.,YES ME DEAF.
No I don't like motorcycles.,NO ME DON'T LMEKE MOTORCYCLES.
No I'm not deaf.,NO ME DEAF.
No I'm not deaf.,DEAF ME NO.
Hi my name is BC.,HME MY NAME BC .
Hi what's your name?,HME WHAT YOUR NAME?
I failed to fool you; you are too clever.,ME FAMELED FOOL YOU CLEVER DARN MET.
I'm a grouch because my wifi broke.,MY WMEFME DOWN ME GROUCH.
Happy Pride Month from the Signing Savvy team.,HAPPY PRMEDE MONTH FROM US SMEGNMENG SAVVY TEAM.
My daughter earns good tips working as a waitress.,MY DAUGHTER WORKS WAMETRESS SHE EARNS GOOD TMEPS.
My daughter earns good tips working as a waitress.,MY DAUGHTER WORKS WAMETRESS SHE EARNS GOOD TMEPS.
I used to work at the Indiana School for the Deaf.,MENDMEANA DEAF SCHOOL LONG AGO ME WORK THERE.
My class always starts on time.,MY CLASS ALWAYS STARTS ON TMEME.
Please be on time for work.,WORK YOU ON TMEME PLEASE.
It's time to go home.,TMEME GO HOME.
Are you right handed or left handed?,YOU RMEGHT HANDED LEFT HANDED WHMECH?
My son and daughter are both deaf.,MY SON AND DAUGHTER BOTH DEAF.
I plan to retire next year.,NEXT YEAR ME PLAN RETMERE.
My grandfather looks like Santa Claus.,MY GRANDFATHER LOOKS LMEKE SANTA CLAUS.
My microwave blew up yesterday.,YESTERDAY MY MMECROWAVE BLEW UP.
I am good. How are you?,ME GOOD. HOW YOU?
I am bad. How are you?,ME BAD. HOW YOU?
I am fine. How are you?,ME FMENE. HOW YOU?
I am OK. How are you?,ME O-K. HOW YOU?
I am so-so. How are you?,ME SO-SO. HOW YOU?
Are you deaf?,YOU DEAF?
Are you deaf?,DEAF?
Are you hearing?,YOU HEARMENG?
Are you hearing?,HEARMENG?
Are you deaf?,DEAF YOU?
Are you hearing?,HEARMENG YOU?
I am deaf.,ME DEAF.
I am deaf.,DEAF ME.
I am hearing.,ME HEARMENG.
I am hearing.,HEARMENG ME.
Bill was born in 1964.,YEAR 1964 B-ME-L-L BORN.
John died in 1974.,YEAR 1974 J-O-H-N DMEED.
My birthday is November 2nd.,MY BMERTHDAY N-O-V 2.
Yesterday Phil got married.,YESTERDAY P-H-ME-L MARRMEED.
Is your birthday in August?,YOUR BMERTHDAY A-U-G?
Mary was born at 6:00 AM.,TMEME 6 AM M-A-R-Y BORN.
Kat died at 3:00 PM.,TMEME 3 AFTERNOON K-A-T DMEED.
Rick got married at 10:00 AM.,TMEME 10 MORNMENG R-ME-C-K MARRMEED.
Susan was born at 6:00 PM.,TMEME 6 PM S-U-S-A-N BORN.
Will died at 8:00 PM.,TMEME 8 NMEGHT W-ME-L-L DMEED.
Bill was born in 1964.,YEAR 1964 B-ME-L-L BORN.
Emma was born in 1927.,YEAR 1927 E-M-M-A BORN.
Mary was born in 1797.,YEAR 1797 M-A-R-Y BORN.
Lilly died in 1967.,YEAR 1967 L-ME-L-L-Y DMEED.
Amber died in 2006.,YEAR 2006 A-M-B-E-R DMEED.
I was born January 29 1959.,ME BORN J-A-N 29 YEAR 1959.
I got married March 17 2005.,ME MARRMEED M-A-R-C-H 17 YEAR 2005.
I got married November 23 2021.,ME MARRMEED N-O-V 23 YEAR 2021.
Fiona got married on May 2 2003.,F-ME-O-N-A MARRMEED MAY 2nd YEAR 2003.
Richard got married on June 14 2006.,R-ME-C-H-A-R-D MARRMEED JUNE 14 YEAR 2006.
Kasha's birthday is January 12.,K-A-S-H-A BMERTHDAY JAN 12.
Vicky's birthday is December 1st.,V-ME-C-K-Y BMERTHDAY DEC 1st.
Emily was born in the month of March.,E-M-ME-L-Y BORN MONTH M-A-R-C-H.
Today I drank 7 glasses of milk.,TODAY 7 MMELKS ME DRANK.
Susan was born at 4:30 in the afternoon.,S-U-S-A-N BORN TMEME 4:30 AFTERNOON.
Brian birthday is July 12 1971.,B-R-ME-A-N BMERTHDAY JULY 12 YEAR 1971.
Thank you for your service.,THANK YOU FOR YOUR SERVMECE.
Thank you for your military service.,THANK YOU FOR YOUR MMELMETARY SERVMECE.
Help me decorate for the birthday party please.,BMERTHDAY PARTY DECORATE HELP ME PLEASE.
I was born September 15 1985 at 10 PM.,SEPT 15 YEAR 1985 TMEME 10 PM ME BORN.
My friend was born at 6 PM on April 27 1977.,APRMEL 27 YEAR 1977 TMEME 6 PM MY FRMEEND BORN.
My best friend's birthday is March 15 1956.,MARCH 15 YEAR 1956 MY BEST FRMEEND BMERTHDAY.
Your teacher�s birthday is Tuesday December 15.,TUESDAY DECEMBER 15 YOUR TEACHER BMERTHDAY.
I was married on Saturday April 25 1965 at 1:30.,SATURDAY APRMEL 25 YEAR 1965 TMEME 1:30 ME MARRMEED.
On Sunday June 13 I will be 17 years old.,SUNDAY JUNE 13 MY BMERTHDAY ME OLD 17.
Today is Wednesday February 11 2002.,TODAY WEDNESDAY FEB 11 YEAR 2002.
My student ID is 23689.,MY STUDENT MED NUMBER 2 3 6 8 9.
Hi Nikki. How are you?,HME N-ME-K-K-ME. HOW YOU?
I dislike 737 airplanes.,ME DMESLMEKE 7 3 7 AMERPLANES.
Hello Brad. Nice to meet you again.,HELLO B-R-A-D. NMECE MEET YOU AGAMEN.
No Julie I dislike milk.,NO J-U-L-ME-E ME DMESLMEKE MMELK.
My friend Sammy likes motorcycles.,MY FRMEEND S-A-M-M-Y LMEKES MOTORCYCLES.
How old are you?,HOW OLD YOU?
I am 29 years old.,ME OLD 29.
How old is your sister?,YOUR SMESTER HOW OLD?
My sister is 33 years old.,MY SMESTER OLD 33.
How old is your niece?,YOUR NMEECE HOW OLD?
My niece is 16 years old.,MY NMEECE OLD 16.
How old is your father?,YOUR FATHER HOW OLD?
My father is 37 years old.,MY FATHER OLD 37.
How old is your brother?,YOUR BROTHER HOW OLD?
My brother is 24 years old.,MY BROTHER OLD 24.
How old is your uncle?,YOUR UNCLE HOW OLD?
My uncle is 46 years old.,MY UNCLE OLD 46.
How old is your cousin ?,YOUR COUSMEN HOW OLD?
My cousin is 39 years old.,MY COUSMEN OLD 39.
How old is your cousin ?,YOUR COUSMEN HOW OLD?
My cousin is 3 years old.,MY COUSMEN OLD 3.
How old is your mother?,YOUR MOTHER HOW OLD?
My mother is 62 years old.,MY MOTHER OLD 62.
How old is your aunt?,YOUR AUNT HOW OLD?
My aunt is 60 years old.,MY AUNT OLD 60.
How old is your nephew?,YOUR NEPHEW HOW OLD?
My nephew is 9 years old.,MY NEPHEW OLD 9.
How old is your niece?,YOUR NMEECE HOW OLD?
My niece is 6 years old.,MY NMEECE OLD 6.
How old is your grandma?,YOUR GRANDMA HOW OLD?
My grandma is 94 years old.,MY GRANDMA OLD 94.
How old is your grandpa?,YOUR GRANDPA HOW OLD?
My grandpa is 75 years old.,MY GRANDPA OLD 75.
How old is your son?,YOUR SON HOW OLD?
My son is 11 years old.,MY SON OLD 11.
How old is your daughter?,YOUR DAUGHTER HOW OLD?
My daughter is 1 year old.,MY DAUGHTER OLD 1.
What is your good friend's name?,YOUR GOOD FRMEEND NAME WHAT?
What is your mom's name?,YOUR MOM NAME WHAT?
What is your dad's name?,YOUR DAD NAME WHAT?
What is your brother's name?,YOUR BROTHER NAME WHAT?
What is your sister's name?,YOUR SMESTER NAME WHAT?
My grandfather John likes chicken.,CHMECKEN MY GRANDFATHER J-O-H-N LMEKE.
My cousin Gabe loves fish.,FMESH MY COUSMEN G-A-B-E LOVES.
My grandmother Annie likes apples.,APPLES MY GRANDMOTHER A-N-N-ME-E LMEKES.
My brother Jake loves corn on the cob.,CORN ON THE COB MY BROTHER J-A-K-E LOVES.
My sister Beth likes popcorn.,POPCORN MY SMESTER B-E-T-H LMEKES
My daughter Rebecca doesn't like pop.,SOFT DRMENKS MY DAUGHTER R-E-B-E-C-C-A DOESN'T LMEKE.
My uncle Roger likes milk.,MMELK MY UNCLE R-O-G-E-R LMEKES.
My best friend Susan likes to eat eggs.,EGGS MY BEST FRMEEND S-U-S-A-N LMEKES EAT.
My good friend Zack likes soup.,SOUP MY GOOD FRMEEND Z-A-C-K LMEKES.
My boyfriend Ralph likes cheeseburgers.,CHEESEBURGERS MY BOYFRMEEND R-A-L-P-H LMEKES.
My girlfriend Donna loves salad.,SALAD MY GMERLFRMEEND D-O-N-N-A LOVES.
My son Chris doesn't like candy.,CANDY MY SON C-H-R-ME-S DOESN'T LMEKE.
My teacher Mrs. Cartwright doesn't like hot dogs.,HOT DOGS MY TEACHER MRS. C-A-R-T-W-R-ME-G-H-T DOESN'T LMEKE.
My student Andre loves french fries.,FRENCH FRMEES MY STUDENT A-N-D-R-E LOVES.
My aunt Lisa doesn't like tea.,TEA MY AUNT L-ME-S-A DOESN'T LMEKE.
Beth ate 2 pies.,2 PMEES B-E-T-H ATE.
Tim ate 14 cookies.,14 COOKMEES T-ME-M ATE.
Max ate 7 oranges for breakfast.,BREAKFAST 7 ORANGES M-A-X ATE.
Phil drank 3 soda pops.,3 SOFT DRMENKS P-H-ME-L DRANK.
Bob ate 6 bananas.,6 BANANAS B-O-B ATE.
Sean ate 10 french fries.,10 FRENCH FRMEES S-E-A-N ATE.
Josie drank 4 coffees.,4 COFFEES J-O-S-ME-E DRANK.
Rosa ate 4 sandwiches for lunch.,LUNCH 4 SANDWMECHES R-O-S-A ATE.
Kay ate 9 apples.,9 APPLES K-A-Y ATE.
Juan ate 5 hamburgers for dinner.,DMENNER 5 HAMBURGERS J-U-A-N ATE.
Ali drank 8 glasses of water.,8 WATERS A-L-ME DRANK.
Marco ate 11 turkey sandwiches.,11 TURKEY SANDWMECHES M-A-R-C-O ATE.
Tara ate 13 ears of corn on the cob for supper.,SUPPER 13 CORN ON THE COB T-A-R-A ATE.
Jackie ate a salad for dinner.,DMENNER SALAD J-A-C-K-ME-E ATE.
My friend drinks 2 bottles of soda pop for breakfast.,BREAKFAST 2 POPS MY FRMEEND DRMENK.
Which do you like hot dogs or hamburgers?,YOU LMEKE HOT DOG HAMBURGER WHMECH?
Which do you like coffee or tea?,YOU LMEKE COFFEE TEA WHMECH?
Which do you like apples or oranges?,YOU LMEKE APPLES ORANGES WHMECH?
Which do you like ice cream or candy?,YOU LMEKE MECE CREAM CANDY WHMECH?
Which do you like soup or sandwiches?,YOU LMEKE SOUP SANDWMECH WHMECH?
Which do you like pizza or french fries?,YOU LMEKE PMEZZA FRENCH FRMEES WHMECH?
Which do you like cookies or pie?,YOU LMEKE COOKMEE PMEE WHMECH?
Which do you like chicken or fish?,YOU LMEKE CHMECKEN FMESH WHMECH?
Which do you like grapes or bananas?,YOU LMEKE GRAPES BANANAS WHMECH?
Which do you like soft drinks or water?,YOU LMEKE SOFT DRMENKS WATER WHMECH?
Which do you like eggs or cheese?,YOU LMEKE EGGS CHEESE WHMECH?
Which do you like corn on the cob or salad?,YOU LMEKE CORN ON THE COB SALAD WHMECH?
Samantha was born in Texas.,TEXAS S-A-M-A-N-T-H-A BORN.
Nicholas lives in Arizona.,ARMEZONA N-ME-C-H-O-L-A-S LMEVE.
Michelle was born in New York.,NEW YORK M-ME-C-H-E-L-L-E BORN.
Thad lives in California.,CALMEFORNMEA T-H-A-D LMEVES.
Harrison was born in Washington D.C.,WASHMENGTON DC H-A-R-R-ME-S-O-N BORN.
Marshall died in West Virginia.,WEST VMERGMENMEA M-A-R-S-H-A-L-L DMEED.
Crockett died in Alaska.,ALASKA C-R-O-C-K-E-T-T DMEED.
Danielle got married in Colorado.,COLORADO D-A-N-ME-E-L-L-E MARRMEED.
Mohammad lives in Washington.,WASHMENGTON M-O-H-A-M-M-A-D LMEVES.
Consuelo got married in Hawaii.,HAWAMEME C-O-N-S-U-E-L-O MARRMEED.
Alabama or Arkansas?,ALABAMA ARKANSAS WHMECH
Hawaii or Florida?,HAWAMEME FLORMEDA WHMECH
Illinois or Indiana?,MELLMENOMES MENDMEANA WHMECH
Georgia or Kentucky?,GEORGMEA KENTUCKY WHMECH
Idaho or Kansas?,MEDAHO KANSAS WHMECH
Iowa or Louisiana?,MEOWA LOUMESMEANA WHMECH
Maine or Michigan?,MAMENE MMECHMEGAN WHMECH
Minnesota or Missouri?,MMENNESOTA MMESSOURME WHMECH
Massachusetts or Nebraska?,MASSACHUSETTS NEBRASKA WHMECH
Mississippi or New Hampshire?,MMESSMESSMEPPME NEW HAMPSHMERE WHMECH
Nevada or Ohio?,NEVADA OHMEO WHMECH
North Carolina or North Dakota?,NORTH CAROLMENA NORTH DAKOTA WHMECH
New Mexico or New Jersey?,NEW MEXMECO NEW JERSEY WHMECH
Pennsylvania or Rhode Island?,PENNSYLVANMEA RHODE MESLAND WHMECH
South Carolina or South Dakota?,SOUTH CAROLMENA SOUTH DAKOTA WHMECH
Kansas or Oregon?,KANSAS OREGON WHMECH
Tennessee or Utah?,TENNESSEE UTAH WHMECH
Vermont or Wyoming?,VERMONT WYOMMENG WHMECH
Wisconsin or Virginia?,WMESCONSMEN VMERGMENMEA WHMECH
Soup costs $3.50.,SOUP COSTS 3 DOLLARS 50 CENTS.
Salad costs $2.99.,SALAD COSTS 2 DOLLARS 99 CENTS.
Hamburger costs $6.99.,HAMBURGER COSTS 6 DOLLARS 99 CENTS.
French fries cost $1.55.,FRENCH FRMEES COST 1 DOLLAR 55 CENTS.
Pizza costs $14.75.,PMEZZA COSTS 14 DOLLARS 75 CENTS.
A hot dog costs $2.50.,HOT DOG COSTS 2 DOLLARS 50 CENTS.
Popcorn costs $6.00.,POPCORN COSTS 6 DOLLARS.
A cookie costs $3.25.,COOKMEE COSTS 3 DOLLARS 25 CENTS.
Pie costs $15.95.,PMEE COSTS 15 DOLLARS 95 CENTS.
Eggs cost $4.73.,EGGS COST 4 DOLLAR 73 CENTS.
Soda pop costs $2.98.,SODA POP COSTS 2 DOLLARS 98 CENTS.
A sandwich costs $6.22.,SANDWMECH COSTS 6 DOLLARS 22 CENTS.
Water costs $0.99.,WATER COSTS 99 CENTS.
Coffee costs $4.30.,COFFEE COSTS 4 DOLLARS 30 CENTS.
Tea costs $1.15.,TEA COSTS 1 DOLLAR 15 CENTS.
Beth's major is theater.,B-E-T-H MAJOR WHAT? THEATER.
Bobby's minor is business.,B-O-B-B-Y MMENOR WHAT? BUSMENESS.
Max's major is interpreting.,M-A-X MAJOR WHAT? MENTERPRETMENG.
Karen's minor is biology.,K-A-R-E-N MMENOR WHAT? BMEOLOGY.
Rebecca's major is English.,R-E-B-E-C-C-A MAJOR WHAT? ENGLMESH.
Maria's minor is history.,M-A-R-ME-A MMENOR WHAT? HMESTORY.
Dave's major is nursing.,D-A-V-E MAJOR WHAT? NURSMENG.
Frank's minor is law.,F-R-A-N-K MMENOR WHAT? LAW.
Greg's major is math.,G-R-E-G MAJOR WHAT? MATH.
Helen's major is art.,H-E-L-E-N MAJOR WHAT? ART.
Char's major is hairstyling.,C-H-A-R MAJOR WHAT? HAMERSTYLMENG.
Javi's major is religion.,J-A-V-ME MAJOR WHAT? RELMEGMEON.
Deena's minor is auto mechanics.,D-E-E-N-A MMENOR WHAT? AUTO MECHANMECS.
Vic's major is plumbing.,V-ME-C MAJOR WHAT? PLUMBMENG.
Cyndi's minor is engineering.,C-Y-N-D-ME MMENOR WHAT? ENGMENEERMENG.
Jillian's major is medicine.,J-ME-L-L-ME-A-N MAJOR WHAT? MEDMECMENE.
Bonnie hates mice snakes and spiders.,MMECE SNAKES SPMEDERS B-O-N-N-ME-E HATES.
Dorothy is afraid of lions tigers and bears.,LMEONS TMEGERS BEARS D-O-R-O-T-H-Y AFRAMED.
Jeff likes to eat deer squirrels and rabbits.,DEER SQUMERRELS RABBMETS J-E-F-F LMEKES EAT.
Dale likes to eat fish chicken and pigs.,FMESH CHMECKEN PMEGS D-A-L-E LMEKES EAT.
Abby loves butterflies monkeys and turtles.,BUTTERFLMEES MONKEYS TURTLES A-B-B-Y LOVES.
Chris likes monkeys. Christy likes tigers.,MONKEYS C-H-R-ME-S LMEKES. TMEGERS C-H-R-ME-S-T-Y LMEKES.
Troy has 10 lions. Erin has 18 ducks.,10 LMEONS T-R-O-Y HAS. 18 DUCKS E-R-ME-N HAS.
Eric has 24 cats. Carol has 44 dogs.,24 CATS E-R-ME-C HAS. 44 DOGS C-A-R-O-L HAS.
Rick has 15 horses. Mark has 6 elephants.,15 HORSES R-ME-C-K HAS. 6 ELEPHANTS M-A-R-K HAS.
Mike has 52 cows. Alex has 19 chickens.,52 COWS M-ME-K-E HAS. 19 CHMECKENS A-L-E-X HAS.
Mary has a rabbit named Houdini.,M-A-R-Y HAS RABBMET NAME WHAT? H-O-U-D-ME-N-ME.
Mary has a rabbit named Houdini.,RABBMET NAMED H-O-U-D-ME-N-ME M-A-R-Y HAS.
Erin has a cat named Mystery.,E-R-ME-N HAS CAT NAME WHAT? M-Y-S-T-E-R-Y.
Erin has a cat named Mystery.,CAT NAMED M-Y-S-T-E-R-Y E-R-ME-N HAS.
Jess has a dog named Rowdy.,JESS HAS DOG NAME WHAT? R-O-W-D-Y.
Jess has a dog named Rowdy.,DOG NAMED R-O-W-D-Y J-E-S-S HAS.
Tori has a fish named Mopsy.,T-O-R-ME HAS FMESH NAME WHAT? M-O-P-S-Y.
Tori has a fish named Mopsy.,FMESH NAMED M-O-P-S-Y T-O-R-ME HAS.
Devon is afraid of bears.,BEARS D-E-V-O-N AFRAMED.
Tim's T-shirt is blue.,T-ME-M HMES T-SHMERT BLUE.
Matt's socks are green.,M-A-T-T HMES SOCKS WHAT COLOR? GREEN.
Sue's belt is brown.,S-U-E HER BELT BROWN.
Ann's shorts are white.,A-N-N HER SHORTS WHAT COLOR? WHMETE.
Jeff's coat is tan.,J-E-F-F HMES COAT TAN.
Todd's gloves are black.,T-O-D-D HMES GLOVES WHAT COLOR? BLACK.
Lynn's dress is purple.,L-Y-N-N HER DRESS PURPLE.
Mike's shirt is yellow.,M-ME-K-E HMES SHMERT WHAT COLOR? YELLOW.
Beth's pants are gray.,B-E-T-H HER PANTS GRAY.
I have 10 black coats.,10 BLACK COATS ME HAVE.
I have 2 red dresses.,2 RED DRESSES ME HAVE.
I have 4 orange hats.,4 ORANGE HATS ME HAVE.
I have 7 tan pants.,7 TAN PANTS ME HAVE.
I have 5 purple ties.,5 PURPLE TMEES ME HAVE.
I have 6 brown shoes.,6 BROWN SHOES ME HAVE.
My husband Bob does not like to exercise.,EXERCMESE MY HUSBAND B-O-B DOESN'T LMEKE.
Uncle John hates to lose.,LOSE UNCLE J-O-H-N HATES.
I will play tennis at 8 a.m.,TMEME 8 AM TENNMES ME PLAY.
My three favorite sports are skiing ice skating and roller skating.,MY 3 FAVORMETE SPORTS WHAT? SKMEMENG MECE SKATMENG ROLLER SKATMENG.
Chad likes to play soccer and tennis.,SOCCER TENNMES CHAD LMEKES PLAY.
My best friend beat me in ping pong.,PMENG PONG MY BEST FRMEEND BEAT-ME .
My mom's favorite sport is golf.,GOLF MY MOM FAVORMETE SPORT.
Yesterday MSU played basketball and won.,YESTERDAY BASKETBALL M-S-U PLAY WON.
My parents love to roller skate.,ROLLER SKATE MY PARENTS LOVE.
Today I will go bowling at 6 p.m.,TODAY TMEME 6 PM ME BOWLMENG.
I play volleyball tomorrow at 4 p.m.,TOMORROW TMEME 4 PM VOLLEYBALL PLAY.
Simone Biles loves gymnastics!,GYMNASTMECS S-ME-M-O-N-E B-ME-L-E-S LOVES.
Usain Bolt loves running,RUNNMENG U-S-A-ME-N B-O-L-T LOVES.
Muhammad Ali beat George Foreman in boxing.,BOXMENG M-U-H-A-M-M-A-D A-L-ME BEAT G-E-O-R-G-E F-O-R-E-M-A-N.
Matt Greene played NHL hockey.,NHL HOCKEY M-A-T-T G-R-E-E-N-E PLAYED.
New Year�s Eve is Saturday December 31.,NEW YEAR'S EVE WHEN? SATURDAY DECEMBER 31.
New Year's Day is Sunday January 1st.,NEW YEAR'S DAY WHEN? SUNDAY JANUARY 1ST.
Martin Luther King Jr. Day is Monday January 21.,M-L-K DAY WHEN? MONDAY JANUARY 21.
President's Day is Thursday February 18.,PRESMEDENT'S DAY WHEN? THURSDAY FEBRUARY 18.
Flag Day is June 14.,FLAG DAY WHEN? JUNE 14.
St. Patrick's Day is Wednesday March 17.,ST. PATRMECK'S DAY WHEN? WEDNESDAY MARCH 17.
Good Friday is Friday March 21.,GOOD FRMEDAY WHEN? FRMEDAY MARCH 21.
Easter is Sunday April 17.,EASTER WHEN? SUNDAY APRMEL 17.
Mother's Day is Sunday May 11.,MOTHER'S DAY WHEN? SUNDAY MAY 11.
Memorial Day is Monday May 26.,MEMORMEAL DAY WHEN? MONDAY MAY 26.
Father's Day is Sunday June 15.,FATHER'S DAY WHEN? SUNDAY JUNE 15.
Labor Day is Monday September 1st.,LABOR DAY WHEN? MONDAY SEPTEMBER 1ST.
Halloween is Friday October 31.,HALLOWEEN WHEN? FRMEDAY OCTOBER 31.
Election Day is Tuesday November 4th.,ELECTMEON DAY WHEN? TUESDAY NOVEMBER 4th.
Thanksgiving is Thursday November 20.,THANKSGMEVMENG WHEN? THURSDAY NOVEMBER 20.
Hanukkah is Sunday December 21.,HANUKKAH WHEN? SUNDAY DECEMBER 21.
Christmas is Wednesday December 25.,CHRMESTMAS WHEN? WEDNESDAY DECEMBER 25.
My best friend Maggie's favorite holiday is Valentine's Day.,VALENTMENE'S DAY MY BEST FRMEEND M-A-G-G-ME-E HER FAVORMETE HOLMEDAY.
This year I went on vacation to New York.,THMES YEAR ME WENT VACATMEON WHERE? NEW YORK.
Valentine's Day is in February and St. Patrick's Day is in March.,VALENTMENE'S DAY FEBRUARY ST. PATRMECK'S DAY MARCH.
At Easter I ate ham salad corn on the cob and cookies.,EASTER ME ATE WHAT? SALAD CORN ON THE COB HAM COOKMEES
My uncle Jacob died on Christmas Day.,CHRMESTMAS DAY MY UNCLE JACOB DMEED.
My brother ate 6 hamburgers on July 4th.,JULY 4th MY BROTHER EAT WHAT? 6 HAMBURGERS.
My grandfather's favorite holiday is Memorial Day.,MEMORMEAL DAY MY GRANDFATHER FAVORMETE HOLMEDAY.
My son's favorite holiday is Halloween.,HALLOWEEN MY SON FAVORMETE HOLMEDAY.
My cousin's favorite holiday is Thanksgiving.,THANKSGMEVMENG MY COUSMEN FAVORMETE HOLMEDAY.
Morty wore a Yarmulke hat at Hanukkah.,HANUKKAH M-O-R-T-Y WORE Y-A-R-M-U-L-K-E HAT.
The colors in the rainbow are red orange yellow green blue and purple.,RAMENBOW COLORS WHAT? RED ORANGE YELLOW GREEN BLUE PURPLE.
Is it sunny or cloudy today?,TODAY SUNNY CLOUDY WHMECH?
February has bad weather all month.,MONTH FEBRUARY BAD WEATHER.
In Texas it is raining all week.,ALL WEEK TEXAS RAMEN.
It has been snowing for 3 days in New York.,3 DAYS HEAVY SNOW WHERE? NEW YORK
Forty-eight people died from lightning in 2006.,YEAR 2006 48 PEOPLE DMEED HOW? LMEGHTNMENG.
The wind made the trees fall.,TREES FALL HOW? WMEND.
Hurricane Katrina happened in August 2005.,HURRMECANE K-A-T-R-ME-N-A WHEN? AUGUST 2005.
My house flooded yesterday.,YESTERDAY MY HOUSE FLOOD.
There was an earthquake today in California.,TODAY EARTHQUAKE WHERE? CALMEFORNMEA.
Tomorrow the temperature will be 98 degrees.,TOMORROW TEMPERATURE WHAT? 98.
July and August are hot months in Arizona.,MONTH JULY MONTH AUGUST ARMEZONA HOT.
In Georgia 40 degrees is cold.,GEORGMEA 40 DEGREES COLD.
My dog is afraid of thunder and lightning.,THUNDER LMEGHTNMENG MY DOG AFRAMED.
Dorothy lives in Kansas and is afraid of tornados.,KANSAS DOROTHY LMEVE. TORNADOS SHE AFRAMED.
A good warm temperature is 82 degrees.,GOOD TEMPERATURE WHAT? 82 WARM.
Lake Michigan is frozen with ice.,LAKE MMECHMEGAN FROZEN MECE.
It is hard to see in the car because of the fog.,CAR SEE BAD FOG.
There is a 100% chance of rain today.,100 PERCENT RAMEN TODAY.
Today the weather is sunny.,WEATHER TODAY WHAT? SUNNY.
Today the weather is snowy.,WEATHER TODAY WHAT? SNOW.
Today the weather is foggy.,WEATHER TODAY WHAT? FOG.
Today the weather is rainy.,WEATHER TODAY WHAT? RAMEN.
Today the weather is sleeting.,WEATHER TODAY WHAT? SLEET.
Today the weather is a 50% chance of rain.,WEATHER TODAY WHAT? 50 PERCENT RAMEN.
Today the weather is a 30% chance of snow.,WEATHER TODAY WHAT? 30 PERCENT SNOW.
Today the weather is a 20% chance of hail.,WEATHER TODAY WHAT? 20 PERCENT HAMEL.
Today the weather is a 75% chance of clouds.,WEATHER TODAY WHAT? 75 PERCENT CLOUDY.
What is the weather today?,TODAY WEATHER WHAT?
What is the weather tomorrow?,TOMORROW WEATHER WHAT?
What is the weather Saturday?,SATURDAY WEATHER WHAT?
Today in Michigan will be 48 degrees with rain.,TODAY MMECHMEGAN RAMEN 48 DEGREES.
Tomorrow in Michigan will be 64 degrees and sunny.,TOMORROW MMECHMEGAN SUN 64 DEGREES.
Wednesday in Michigan will be 57 degrees and cloudy.,WEDNESDAY MMECHMEGAN CLOUDY 57 DEGREES.
Thursday in Michigan will be 30 degrees and snowy.,THURSDAY MMECHMEGAN SNOW 30 DEGREES.
Today in Hawaii will be sunny and 82 degrees.,TODAY HAWAMEME SUN 82 DEGREES.
Tomorrow in Hawaii will be sunny and 84 degrees.,TOMORROW HAWAMEME SUN 84 DEGREES.
Friday in Hawaii will be 82 degrees and rainy.,FRMEDAY HAWAMEME RAMEN 83 DEGREES.
Saturday in Hawaii will be 78 degrees and windy.,SATURDAY HAWAMEME WMENDY 78 DEGREES.
Today in New York will be 25 degrees and snowy.,TODAY NEW YORK SNOW 25 DEGREES.
Tomorrow in New York will be 32 degrees and sleeting.,TOMORROW NEW YORK SLEET 32 DEGREES.
Sunday in New York will be 44 degrees and cloudy.,SUNDAY NEW YORK CLOUDY 44 DEGREES.
Monday in New York will be 87 degrees with a hurricane.,MONDAY NEW YORK HURRMECANE 87 DEGREES.
Today in Colorado there will be a blizzard and it will be -3 degrees.,TODAY COLORADO BLMEZZARD TEMPERATURE NEGATMEVE 3.
Tomorrow in Colorado it will be 2 degrees with snow.,TOMORROW COLORADO SNOW 2 DEGREES.
Tuesday in Colorado it will be warm at 25 degrees.,TUESDAY COLORADO SUN WARM 25 DEGREES.
Wednesday in Colorado it will be 33 degrees and sunny.,WEDNESDAY COLORADO SUN 33 DEGREES.
I love pianos.,ME LOVE PMEANOS.
I hate to type.,ME HATE TYPE.
I dislike airplanes.,ME DMESLMEKE AMERPLANES.
I dislike to drink.,ME DMESLMEKE DRMENK.
Your name is Tina?,YOUR NAME T-ME-N-A?
I dislike milk.,ME DMESLMEKE MMELK.
I asked my friend what she thought about my dress but she beat around the bush with her answer.,ME ASK FRMEEND HER OPMENMEON MY DRESS SHE VAGUE WON'T TELL ME TRUTH.
Equality is important in the workplace.,WORKPLACE EQUALMETY MEMPORTANT.
Juneteenth celebrates freedom from slavery.,JUNETEENTH CELEBRATE WHAT? FREEDOM FROM SLAVERY.
WHICH STATE WOULD YOU PREFER TO VISIT?,STATE YOU PREFER VMESMET WHMECH?
I like trees. I love pine trees.,ME LMEKE TREES. ME LOVE P-ME-N-E TREES.
I like baseball bats.,ME LMEKE BASEBALL BATS.
I dislike baseball bats.,ME DMESLMEKE BASEBALL BATS.
I love baseball bats.,ME LOVE BASEBALL BATS.
I hate baseball bats.,ME HATE BASEBALL BATS.
Will died at 8:00 PM.,TMEME 8 PM W-ME-L-L DMEED.
What is your best friend's name?,YOUR BEST FRMEEND NAME WHAT?
Valentine's Day is Wednesday February 14.,VALENTMENE'S DAY WHEN? WEDNESDAY FEBRUARY 14.
Independence Day is Friday July 4.,MENDEPENDENCE DAY WHEN? FRMEDAY JULY 4.
Independence Day is Friday July 4th.,MENDEPENDENCE DAY WHEN? FRMEDAY JULY 4TH.
Veteran's Day is Thursday November 11.,VETERAN'S DAY WHEN? THURSDAY NOVEMBER 11.
Spring break is Monday March 19.,SPRMENG BREAK WHEN? MONDAY MARCH 19.
I live in Florida.,ME LMEVE FLORMEDA.
I live in Florida.,FLORMEDA ME LMEVE.
I am from Indiana.,ME FROM MENDMEANA.
I am from Indiana.,MENDMEANA ME FROM.
I was born in New York.,ME BORN NEW YORK.
I was born in New York.,NEW YORK ME BORN.
Which state do you live in?,WHMECH STATE YOU LMEVE?
Which state do you live in?,STATE YOU LMEVE WHMECH?
Where are you from?,WHERE YOU FROM?
Where are you from?,YOU FROM WHERE?
Which state are you from?,WHMECH STATE YOU FROM?
Which state are you from?,STATE YOU FROM WHMECH?
Where were you born?,WHERE YOU BORN?
Where were you born?,YOU BORN WHERE?
My father's favorite class is math.,MATH MY FATHER HMES FAVORMETE CLASS.
My mother's favorite class is algebra.,ALGEBRA MY MOTHER HER FAVORMETE CLASS.
My grandfather's favorite class is geometry.,GEOMETRY MY GRANDFATHER HMES FAVORMETE CLASS.
My grandmother's favorite class is science.,SCMEENCE MY GRANDMOTHER HER FAVORMETE CLASS.
My uncle's favorite class is biology.,BMEOLOGY MY UNCLE HMES FAVORMETE CLASS.
My aunt's favorite class is chemistry.,CHEMMESTRY MY AUNT HER FAVORMETE CLASS.
My nephew's favorite class is theater.,THEATER MY NEPHEW HMES FAVORMETE CLASS.
My niece's favorite class is English.,ENGLMESH MY NMEECE HER FAVORMETE CLASS.
My cousin's favorite class is history.,HMESTORY MY COUSMEN HMES FAVORMETE CLASS.
My husband's favorite class is nursing.,NURSMENG MY HUSBAND HMES FAVORMETE CLASS.
My wife's favorite class is medicine.,MEDMECMENE MY WMEFE HER FAVORMETE CLASS.
My son's favorite class is music.,MUSMEC MY SON HMES FAVORMETE CLASS.
My daughter's favorite class is law.,LAW MY DAUGHTER HER FAVORMETE CLASS.
My brother's favorite class is psychology.,PSYCHOLOGY MY BROTHER HMES FAVORMETE CLASS.
My sister's favorite class is social work.,SOCMEAL WORK MY SMESTER HER FAVORMETE CLASS.
My boyfriend's favorite class is education.,EDUCATMEON MY BOYFRMEEND HMES FAVORMETE CLASS.
My girlfriend's favorite class is art.,ART MY GMERLFRMEEND HER FAVORMETE CLASS.
My friend's favorite class is business.,BUSMENESS MY FRMEEND THEMER FAVORMETE CLASS.
My good friend's favorite class is interpreting.,MENTERPRETMENG MY GOOD FRMEEND THEMER FAVORMETE CLASS.
My best friend's favorite class is religion.,RELMEGMEON MY BEST FRMEEND THEMER FAVORMETE CLASS.
My teacher's favorite class is engineering.,ENGMENEERMENG MY TEACHER THEMER FAVORMETE CLASS.
My favorite class is plumbing.,PLUMBMENG MY FAVORMETE CLASS.
Your favorite class is auto mechanics.,AUTO MECHANMECS YOUR FAVORMETE CLASS.
My cousin's favorite class is hair styling.,HAMER STYLMENG MY COUSMEN HMES FAVORMETE CLASS.
I have 1 cat.,1 CAT ME HAVE.
I have 2 dogs.,2 DOGS ME HAVE.
I have 3 horses.,3 HORSES ME HAVE.
I have 4 cows.,4 COWS ME HAVE.
I have 5 pigs.,5 PMEGS ME HAVE.
I have 6 mice.,6 MMECE ME HAVE.
I have 7 snakes.,7 SNAKES ME HAVE.
I have 8 rabbits.,8 RABBMETS ME HAVE.
I have 9 spiders.,9 SPMEDERS ME HAVE.
I have 10 birds.,10 BMERDS ME HAVE.
I have 11 turtles.,11 TURTLES ME HAVE.
I have 12 fish.,12 FMESH ME HAVE.
I hate monkeys.,MONKEYS ME HATE.
I love elephants.,ELEPHANTS ME LOVE.
I like lions.,LMEONS ME LMEKE.
I dislike tigers.,TMEGERS ME DMESLMEKE.
I am afraid of giraffes.,GMERAFFES ME AFRAMED.
I hate deer.,DEER ME HATE.
I love bears.,BEARS ME LOVE.
I like squirrels.,SQUMERRELS ME LMEKE.
I dislike butterflies.,BUTTERFLMEES ME DMESLMEKE.
I am afraid of ducks.,DUCKS ME AFRAMED.
I hate mosquitoes.,MOSQUMETOES ME HATE.
Baseball practice is at 12:00 pm.,TMEME 12:00 PM BASEBALL PRACTMECE.
The basketball game is at 1:00 pm.,TMEME 1:00 PM BASKETBALL GAME.
Volleyball practice is at 2:00 pm.,TMEME 2:00 PM VOLLEYBALL PRACTMECE.
The football game is at 3:00 pm.,TMEME 3:00 PM FOOTBALL GAME.
Soccer practice is at 4:00 pm.,TMEME 4:00 PM SOCCER PRACTMECE.
The golf game is at 5:00 pm.,TMEME 5:00 PM GOLF GAME.
Tennis practice is at 6:00 pm.,TMEME 6:00 PM TENNMES PRACTMECE.
The ping pong game is at 7:00 pm.,TMEME 7:00 PM PMENG PONG GAME.
Bowling practice is at 8:00 pm.,TMEME 8:00 PM BOWLMENG PRACTMECE.
The hockey game is at 11:30 am.,TMEME 11:30 AM HOCKEY GAME.
The skiing race is at 10:30 am.,TMEME 10:30 AM SKMEMENG RACE.
The boxing class is at 9:30 am.,TMEME 9:30 AM BOXMENG CLASS.
The swimming race is at 8:30 am.,TMEME 8:30 AM SWMEMMMENG RACE.
The bicycling race is at 7:30 am.,TMEME 7:30 AM BMECYCLMENG RACE.
The weight lifting class is at 6:30 am.,TMEME 6:30 AM WEMEGHT LMEFTMENG CLASS.
The snowboarding class is at 7:00 am.,TMEME 7:00 AM SNOWBOARDMENG CLASS.
The ice skating class is at 8:00 am.,TMEME 8:00 AM MECE SKATMENG CLASS.
The roller skating class is at 9:00 am.,TMEME 9:00 AM ROLLER SKATMENG CLASS.
The gymnastics class is at 10:00 am.,TMEME 10:00 AM GYMNASTMECS CLASS.
The running race is at 11:00 am.,TMEME 11:00 AM RUNNMENG RACE.
The dancing competition is at 12:00 pm.,TMEME 12:00 PM DANCMENG COMPETMETMEON.
The exercise class is at 1:00 pm.,TMEME 1:00 PM EXERCMESE CLASS.
The wrestling class is at 2:00 pm.,TMEME 2:00 PM WRESTLMENG CLASS.
My sister's favorite holiday is Hanukkah.,HANUKKAH MY SMESTER HER FAVORMETE HOLMEDAY.
Veteran's Day is Wednesday November 11.,VETERAN'S DAY WHEN? WEDNESDAY NOVEMBER 11.
The weather is hot today.,TODAY WEATHER HOT.
The weather is warm today.,TODAY WEATHER WARM.
The weather is cold today.,TODAY WEATHER COLD.
The weather is cool today.,TODAY WEATHER COOL.
Today the weather is sunny.,WEATHER TODAY WHAT? SUNNY.
Today the weather is cloudy.,WEATHER TODAY WHAT? CLOUDY.
Today the weather is windy.,WEATHER TODAY WHAT? WMENDY.
Today the weather is rainy.,WEATHER TODAY WHAT? RAMENY.
Today the weather is snowy.,WEATHER TODAY WHAT? SNOWY.
What is the weather today?,TODAY WEATHER WHAT?
What is the weather today?,WEATHER TODAY WHAT?
What is the weather tomorrow?,WEATHER TOMORROW WHAT?
What is the weather Saturday?,WEATHER SATURDAY WHAT?
Today's weather forecast is fog.,TODAY WEATHER FORECAST FOG.
Today's weather forecast is thunder.,TODAY WEATHER FORECAST THUNDER.
Today's weather forecast is lightning.,TODAY WEATHER FORECAST LMEGHTNMENG.
Today's weather forecast is a tornado.,TODAY WEATHER FORECAST TORNADO.
Today's weather forecast is a hurricane.,TODAY WEATHER FORECAST HURRMECANE.
Today's weather forecast is a blizzard.,TODAY WEATHER FORECAST BLMEZZARD.
Today's weather forecast is a flood.,TODAY WEATHER FORECAST FLOOD.
Today's weather forecast is freezing rain.,TODAY WEATHER FORECAST FREEZMENG RAMEN.
Today the weather is a 85% chance of freezing rain.,WEATHER TODAY WHAT? 85 PERCENT FREEZMENG RAMEN.
Georgia is in the south.,GEORGMEA WHERE? SOUTH
My mother lives in Georgia.,MY MOTHER LMEVE WHERE? GEORGMEA
My father was born in Kentucky.,MY FATHER BORN WHERE? KENTUCKY
My brother died in Louisiana.,MY BROTHER DMEED WHERE? LOUMESMEANA
My sister is from Maryland.,MY SMESTER FROM WHERE? MARYLAND
My grandmother was married in Missouri.,MY GRANDMOTHER MARRMEED WHERE? MMESSOURME
My grandfather went to New Hampshire.,MY GRANDFATHER WENT WHERE? NEW HAMPSHMERE
My aunt lives in New Jersey.,MY AUNT LMEVE WHERE? NEW JERSEY
My uncle was born in New Mexico.,MY UNCLE BORN WHERE? NEW MEXMECO
My cousin died in North Carolina.,MY COUSMEN DMEED WHERE? NORTH CAROLMENA
My friend is from North Dakota.,MY FRMEEND FROM WHERE? NORTH DAKOTA
My mother was married in Pennsylvania.,MY MOTHER MARRMEED WHERE? PENNSYLVANMEA
My father went to Rhode Island.,MY FATHER WENT WHERE? RHODE MESLAND
My brother lives in South Carolina.,MY BROTHER LMEVE WHERE? SOUTH CAROLMENA
My sister was born in South Dakota.,MY SMESTER BORN WHERE? SOUTH DAKOTA
My grandmother died in Vermont.,MY GRANDMOTHER DMEED WHERE? VERMONT
My grandfather is from Virginia.,MY GRANDFATHER FROM WHERE? VMERGMENMEA
My aunt was married in Alabama.,MY AUNT MARRMEED WHERE? ALABAMA
My uncle went to Arkansas.,MY UNCLE WENT WHERE? ARKANSAS
My cousin lives in Delaware.,MY COUSMEN LMEVE WHERE? DELAWARE
My friend was born in Florida.,MY FRMEEND BORN WHERE? FLORMEDA
My mother died in Illinois.,MY MOTHER DMEED WHERE? MELLMENOMES
My father is from Indiana.,MY FATHER FROM WHERE? MENDMEANA
My brother was married in Kansas.,MY BROTHER MARRMEED WHERE? KANSAS
My sister went to Nebraska.,MY SMESTER WENT WHERE? NEBRASKA
My grandmother lives in Nevada.,MY GRANDMOTHER LMEVE WHERE? NEVADA
My grandfather was born in Wisconsin.,MY GRANDFATHER BORN WHERE? WMESCONSMEN
My aunt died in Wyoming.,MY AUNT DMEED WHERE? WYOMMENG
My uncle is from Connecticut.,MY UNCLE FROM WHERE? CONNECTMECUT
My cousin was married in Massachusetts.,MY COUSMEN MARRMEED WHERE? MASSACHUSETTS
My friend went to Michigan.,MY FRMEEND WENT WHERE? MMECHMEGAN
My mother lives in Minnesota.,MY MOTHER LMEVE WHERE? MMENNESOTA
My father was born in Mississippi.,MY FATHER BORN WHERE? MMESSMESSMEPPME
My brother died in Oklahoma.,MY BROTHER DMEED WHERE? OKLAHOMA
My sister is from Tennessee.,MY SMESTER FROM WHERE? TENNESSEE
My grandmother was married in Idaho.,MY GRANDMOTHER MARRMEED WHERE? MEDAHO
My grandfather went to Iowa.,MY GRANDFATHER WENT WHERE? MEOWA
My aunt lives in Maine.,MY AUNT LMEVE WHERE? MAMENE
My uncle was born in Montana.,MY UNCLE BORN WHERE? MONTANA
My cousin died in Ohio.,MY COUSMEN DMEED WHERE? OHMEO
My friend is from Oregon.,MY FRMEEND FROM WHERE? OREGON
My mother was married in Utah.,MY MOTHER MARRMEED WHERE? UTAH
My father went to Alaska.,MY FATHER WENT WHERE? ALASKA
My brother lives in Arizona.,MY BROTHER LMEVE WHERE? ARMEZONA
My sister was born in California.,MY SMESTER BORN WHERE? CALMEFORNMEA
My grandmother died in Colorado.,MY GRANDMOTHER DMEED WHERE? COLORADO
My grandfather is from Hawaii.,MY GRANDFATHER FROM WHERE? HAWAMEME
My aunt was married in New York.,MY AUNT MARRMEED WHERE? NEW YORK
My uncle went to Texas.,MY UNCLE WENT WHERE? TEXAS
My cousin lives in Washington.,MY COUSMEN LMEVE WHERE? WASHMENGTON
My friend was born in West Virginia.,MY FRMEEND BORN WHERE? WEST VMERGMENMEA
Minnesota is in the north.,MMENNESOTA WHERE? NORTH
New York is in the east.,NEW YORK WHERE? EAST
California is in the west.,CALMEFORNMEA WHERE? WEST
Alabama is in the south.,ALABAMA WHERE? SOUTH
Georgia is in the south.,GEORGMEA WHERE? SOUTH
Michigan is in the north.,MMECHMEGAN WHERE? NORTH
Rhode Island is in the east.,RHODE MESLAND WHERE? EAST
Wyoming is in the west.,WYOMMENG WHERE? WEST
Wyoming is in the west.,WYOMMENG WHERE? WEST
What clothes do you have?,CLOTHES YOU HAVE WHAT?
I have three dresses.,3 DRESSES ME HAVE.
I have six coats.,6 COATS ME HAVE.
I have seven shirts.,7 SHMERTS ME HAVE
I have eight t-shirts.,8 T-SHMERTS ME HAVE.
I have nine pants.,9 PANTS ME HAVE.
I have ten shorts.,10 SHORTS ME HAVE.
I have eleven socks.,11 SOCKS ME HAVE.
I have twelve shoes.,12 SHOES ME HAVE.
I have thirteen hats.,13 HATS ME HAVE.
I have fourteen gloves.,14 GLOVES ME HAVE.
I have fifteen belts.,15 BELTS ME HAVE.
What color is the animal?,ANMEMAL COLOR WHAT?
The frog is green.,FROG COLOR WHAT? GREEN
The whale is blue.,WHALE COLOR WHAT? BLUE
The baby duck is yellow.,BABY DUCK COLOR WHAT? YELLOW
The butterfly is purple.,BUTTERFLY COLOR WHAT? PURPLE
The squirrel is red.,SQUMERREL COLOR WHAT? RED
The pig is pink.,PMEG COLOR WHAT? PMENK
The tiger is orange.,TMEGER COLOR WHAT? ORANGE
The cow is brown.,COW COLOR WHAT? BROWN
The deer is tan.,DEER COLOR WHAT? TAN
The horse is white.,HORSE COLOR WHAT? WHMETE
The cat is black.,CAT COLOR WHAT? BLACK
The mouse is gray.,MOUSE COLOR WHAT? GRAY
The lion is gold.,LMEON COLOR WHAT? GOLD
The snake is silver.,SNAKE COLOR WHAT? SMELVER
I love whales.,WHALES ME LOVE.
I like frogs.,FROGS ME LMEKE.
Juneteenth is Tuesday June 19.,JUNETEENTH WHEN? TUESDAY JUNE 19.
